emp_id,skill_id
E0001,S010
E0001,S005
E0001,S002
E0001,S014
E0002,S015
E0002,S005
E0002,S014
E0003,S004
E0003,S009
E0004,S009
E0004,S010
E0004,S017
E0004,S019
E0005,S005
E0005,S011
E0005,S007
E0006,S014
E0006,S001
E0006,S009
E0006,S020
E0006,S006
E0007,S010
E0007,S011
E0007,S006
E0008,S006
E0008,S010
E0008,S007
E0008,S020
E0008,S009
E0009,S020
E0009,S015
E0009,S002
E0009,S017
E0010,S020
E0010,S017
E0010,S008
E0010,S015
E0010,S003
E0011,S020
E0011,S008
E0011,S018
E0012,S012
E0012,S008
E0012,S002
E0013,S007
E0013,S016
E0013,S006
E0013,S012
E0014,S009
E0014,S010
E0014,S012
E0015,S002
E0015,S013
E0015,S016
E0016,S003
E0016,S007
E0016,S014
E0017,S005
E0017,S010
E0017,S016
E0017,S015
E0017,S013
E0018,S014
E0018,S016
E0019,S012
E0019,S008
E0020,S004
E0020,S016
E0020,S010
E0020,S013
E0020,S006
E0021,S014
E0021,S004
E0021,S019
E0021,S002
E0021,S006
E0022,S017
E0022,S016
E0022,S002
E0022,S005
E0022,S008
E0023,S006
E0023,S010
E0024,S005
E0024,S020
E0024,S012
E0024,S014
E0024,S004
E0025,S018
E0025,S006
E0025,S010
E0026,S019
E0026,S008
E0026,S013
E0026,S003
E0027,S007
E0027,S008
E0027,S005
E0027,S017
E0027,S010
E0028,S013
E0028,S017
E0029,S004
E0029,S019
E0029,S015
E0029,S012
E0030,S007
E0030,S019
E0030,S018
E0030,S009
E0030,S010
E0031,S020
E0031,S007
E0031,S005
E0031,S009
E0032,S005
E0032,S006
E0032,S015
E0032,S009
E0032,S003
E0033,S003
E0033,S016
E0033,S004
E0033,S009
E0034,S001
E0034,S005
E0034,S013
E0035,S014
E0035,S006
E0035,S009
E0036,S015
E0036,S002
E0036,S007
E0037,S018
E0037,S012
E0037,S006
E0037,S019
E0038,S009
E0038,S016
E0038,S007
E0039,S014
E0039,S018
E0039,S001
E0039,S011
E0040,S015
E0040,S004
E0040,S013
E0040,S007
E0041,S005
E0041,S019
E0042,S013
E0042,S018
E0042,S016
E0042,S020
E0042,S008
E0043,S004
E0043,S001
E0043,S007
E0043,S018
E0043,S017
E0044,S016
E0044,S013
E0044,S007
E0044,S001
E0045,S012
E0045,S009
E0045,S004
E0046,S009
E0046,S015
E0046,S005
E0046,S008
E0046,S013
E0047,S018
E0047,S005
E0047,S008
E0048,S014
E0048,S007
E0048,S004
E0048,S013
E0048,S020
E0049,S001
E0049,S017
E0049,S013
E0049,S002
E0049,S015
E0050,S003
E0050,S015
E0050,S007
E0050,S019
E0050,S014
E0051,S004
E0051,S002
E0051,S017
E0051,S013
E0052,S007
E0052,S012
E0053,S006
E0053,S011
E0053,S016
E0053,S004
E0053,S018
E0054,S007
E0054,S009
E0055,S002
E0055,S013
E0055,S003
E0056,S016
E0056,S013
E0057,S009
E0057,S007
E0058,S015
E0058,S016
E0058,S005
E0058,S011
E0059,S004
E0059,S020
E0059,S018
E0059,S002
E0059,S019
E0060,S019
E0060,S004
E0060,S017
E0060,S010
E0060,S018
E0061,S004
E0061,S014
E0061,S002
E0062,S003
E0062,S020
E0062,S010
E0062,S007
E0063,S018
E0063,S012
E0063,S019
E0063,S001
E0063,S017
E0064,S005
E0064,S014
E0065,S019
E0065,S017
E0065,S001
E0066,S020
E0066,S015
E0066,S014
E0066,S007
E0066,S006
E0067,S013
E0067,S007
E0068,S002
E0068,S015
E0068,S009
E0068,S007
E0069,S002
E0069,S008
E0069,S003
E0069,S017
E0069,S006
E0070,S011
E0070,S004
E0070,S003
E0070,S017
E0071,S014
E0071,S013
E0071,S010
E0072,S004
E0072,S016
E0072,S019
E0072,S005
E0072,S006
E0073,S011
E0073,S001
E0074,S006
E0074,S018
E0074,S001
E0074,S014
E0075,S005
E0075,S012
E0075,S015
E0075,S003
E0075,S020
E0076,S009
E0076,S012
E0076,S014
E0077,S015
E0077,S004
E0077,S020
E0078,S008
E0078,S009
E0078,S014
E0078,S002
E0078,S001
E0079,S015
E0079,S018
E0079,S002
E0079,S009
E0079,S017
E0080,S020
E0080,S011
E0080,S006
E0080,S014
E0081,S007
E0081,S019
E0081,S016
E0081,S017
E0081,S015
E0082,S015
E0082,S018
E0082,S009
E0082,S007
E0083,S007
E0083,S006
E0084,S001
E0084,S010
E0084,S007
E0085,S018
E0085,S017
E0085,S003
E0085,S002
E0086,S011
E0086,S018
E0086,S009
E0086,S002
E0086,S017
E0087,S017
E0087,S013
E0087,S010
E0088,S017
E0088,S011
E0089,S016
E0089,S009
E0089,S007
E0089,S010
E0089,S015
E0090,S011
E0090,S012
E0090,S014
E0090,S005
E0090,S001
E0091,S008
E0091,S018
E0091,S010
E0092,S010
E0092,S019
E0092,S017
E0092,S003
E0093,S018
E0093,S001
E0094,S016
E0094,S007
E0094,S018
E0094,S003
E0094,S013
E0095,S012
E0095,S018
E0095,S015
E0095,S020
E0095,S019
E0096,S020
E0096,S010
E0097,S013
E0097,S011
E0097,S014
E0097,S018
E0097,S007
E0098,S004
E0098,S013
E0098,S005
E0098,S003
E0098,S010
E0099,S002
E0099,S017
E0099,S011
E0099,S013
E0099,S015
E0100,S003
E0100,S018
E0100,S017
E0100,S009
E0101,S016
E0101,S008
E0101,S005
E0101,S003
E0102,S014
E0102,S018
E0103,S020
E0103,S007
E0103,S018
E0103,S014
E0104,S005
E0104,S016
E0105,S018
E0105,S017
E0105,S020
E0105,S016
E0105,S009
E0106,S020
E0106,S004
E0107,S008
E0107,S006
E0107,S018
E0107,S014
E0107,S017
E0108,S008
E0108,S015
E0108,S001
E0109,S018
E0109,S005
E0109,S012
E0109,S006
E0110,S011
E0110,S017
E0110,S001
E0111,S013
E0111,S004
E0112,S008
E0112,S013
E0112,S007
E0112,S010
E0112,S017
E0113,S010
E0113,S007
E0113,S003
E0113,S005
E0114,S017
E0114,S006
E0114,S016
E0115,S002
E0115,S015
E0116,S004
E0116,S019
E0116,S003
E0116,S008
E0117,S004
E0117,S009
E0117,S018
E0117,S002
E0118,S014
E0118,S012
E0118,S015
E0118,S002
E0119,S016
E0119,S015
E0119,S014
E0120,S006
E0120,S009
E0120,S013
E0120,S019
E0120,S020
E0121,S001
E0121,S006
E0121,S013
E0122,S007
E0122,S017
E0123,S014
E0123,S015
E0124,S005
E0124,S013
E0124,S012
E0124,S010
E0125,S013
E0125,S020
E0125,S004
E0125,S005
E0126,S020
E0126,S007
E0127,S016
E0127,S006
E0128,S014
E0128,S011
E0128,S001
E0128,S012
E0128,S008
E0129,S012
E0129,S008
E0130,S017
E0130,S009
E0131,S005
E0131,S012
E0131,S001
E0131,S017
E0131,S009
E0132,S017
E0132,S006
E0132,S001
E0132,S005
E0132,S002
E0133,S010
E0133,S001
E0133,S003
E0133,S007
E0134,S013
E0134,S014
E0134,S007
E0135,S018
E0135,S019
E0135,S014
E0135,S003
E0136,S018
E0136,S015
E0136,S007
E0136,S003
E0136,S004
E0137,S019
E0137,S012
E0137,S018
E0137,S001
E0138,S020
E0138,S002
E0138,S007
E0138,S006
E0138,S015
E0139,S019
E0139,S016
E0139,S009
E0140,S003
E0140,S001
E0140,S008
E0141,S010
E0141,S001
E0142,S006
E0142,S017
E0142,S010
E0142,S009
E0143,S008
E0143,S004
E0143,S013
E0144,S006
E0144,S016
E0144,S009
E0144,S011
E0144,S007
E0145,S007
E0145,S020
E0146,S012
E0146,S006
E0147,S013
E0147,S006
E0148,S005
E0148,S020
E0148,S015
E0148,S013
E0149,S001
E0149,S005
E0149,S004
E0150,S005
E0150,S013
E0150,S006
E0150,S007
E0151,S015
E0151,S001
E0152,S012
E0152,S015
E0153,S015
E0153,S005
E0154,S020
E0154,S005
E0154,S002
E0154,S018
E0155,S004
E0155,S013
E0155,S003
E0155,S001
E0155,S012
E0156,S010
E0156,S019
E0156,S013
E0157,S018
E0157,S009
E0157,S011
E0157,S010
E0157,S002
E0158,S016
E0158,S002
E0158,S017
E0158,S019
E0159,S018
E0159,S009
E0159,S010
E0159,S016
E0159,S015
E0160,S020
E0160,S005
E0160,S014
E0160,S011
E0160,S018
E0161,S002
E0161,S001
E0161,S009
E0161,S008
E0162,S018
E0162,S011
E0162,S008
E0163,S003
E0163,S014
E0163,S009
E0163,S019
E0163,S002
E0164,S013
E0164,S017
E0164,S011
E0165,S006
E0165,S004
E0165,S011
E0166,S009
E0166,S006
E0166,S005
E0167,S004
E0167,S001
E0167,S020
E0167,S018
E0167,S003
E0168,S003
E0168,S019
E0168,S016
E0168,S005
E0168,S010
E0169,S013
E0169,S003
E0170,S020
E0170,S013
E0170,S003
E0170,S007
E0170,S015
E0171,S010
E0171,S015
E0171,S011
E0172,S002
E0172,S019
E0172,S012
E0172,S007
E0172,S008
E0173,S010
E0173,S007
E0173,S014
E0173,S005
E0174,S016
E0174,S006
E0174,S018
E0174,S014
E0175,S019
E0175,S002
E0175,S008
E0176,S016
E0176,S003
E0176,S020
E0176,S001
E0176,S013
E0177,S013
E0177,S011
E0177,S018
E0177,S019
E0177,S010
E0178,S004
E0178,S015
E0178,S003
E0178,S016
E0178,S005
E0179,S009
E0179,S001
E0179,S007
E0180,S011
E0180,S014
E0180,S012
E0180,S004
E0180,S001
E0181,S014
E0181,S008
E0182,S013
E0182,S014
E0182,S005
E0182,S008
E0182,S002
E0183,S007
E0183,S013
E0183,S017
E0183,S019
E0184,S005
E0184,S017
E0184,S009
E0184,S006
E0184,S014
E0185,S007
E0185,S016
E0185,S019
E0186,S001
E0186,S002
E0186,S009
E0187,S001
E0187,S016
E0187,S017
E0187,S014
E0187,S008
E0188,S011
E0188,S002
E0188,S016
E0188,S004
E0189,S016
E0189,S007
E0189,S012
E0189,S018
E0189,S003
E0190,S010
E0190,S004
E0191,S009
E0191,S001
E0191,S010
E0191,S013
E0191,S002
E0192,S014
E0192,S002
E0192,S008
E0192,S020
E0193,S002
E0193,S015
E0194,S018
E0194,S009
E0194,S016
E0194,S015
E0195,S001
E0195,S010
E0195,S018
E0196,S020
E0196,S015
E0196,S019
E0196,S005
E0196,S012
E0197,S006
E0197,S018
E0197,S013
E0197,S007
E0198,S006
E0198,S015
E0199,S011
E0199,S001
E0199,S004
E0200,S011
E0200,S010
E0201,S019
E0201,S020
E0201,S012
E0201,S009
E0201,S015
E0202,S019
E0202,S010
E0202,S004
E0202,S020
E0202,S016
E0203,S014
E0203,S005
E0204,S006
E0204,S003
E0205,S002
E0205,S017
E0205,S019
E0205,S007
E0206,S017
E0206,S008
E0206,S014
E0206,S020
E0206,S010
E0207,S012
E0207,S017
E0208,S019
E0208,S002
E0208,S007
E0209,S020
E0209,S018
E0209,S005
E0209,S019
E0209,S001
E0210,S001
E0210,S011
E0210,S008
E0210,S002
E0210,S013
E0211,S001
E0211,S010
E0211,S009
E0212,S004
E0212,S001
E0212,S002
E0213,S019
E0213,S005
E0213,S001
E0214,S010
E0214,S006
E0215,S013
E0215,S004
E0215,S009
E0216,S019
E0216,S017
E0216,S012
E0216,S014
E0216,S006
E0217,S018
E0217,S020
E0217,S002
E0217,S014
E0218,S010
E0218,S006
E0218,S011
E0218,S002
E0219,S011
E0219,S017
E0220,S012
E0220,S018
E0220,S017
E0220,S007
E0221,S002
E0221,S007
E0222,S011
E0222,S007
E0222,S018
E0223,S012
E0223,S018
E0223,S004
E0223,S019
E0223,S017
E0224,S004
E0224,S016
E0224,S005
E0224,S009
E0224,S015
E0225,S008
E0225,S018
E0226,S013
E0226,S003
E0227,S011
E0227,S007
E0227,S001
E0227,S005
E0228,S019
E0228,S006
E0228,S004
E0228,S003
E0228,S002
E0229,S014
E0229,S007
E0229,S012
E0230,S016
E0230,S005
E0230,S017
E0231,S019
E0231,S006
E0231,S015
E0231,S008
E0231,S003
E0232,S002
E0232,S013
E0232,S006
E0232,S001
E0233,S005
E0233,S020
E0233,S019
E0233,S017
E0233,S009
E0234,S016
E0234,S018
E0234,S012
E0234,S007
E0234,S004
E0235,S011
E0235,S012
E0236,S007
E0236,S015
E0236,S002
E0236,S003
E0237,S006
E0237,S004
E0237,S020
E0237,S016
E0237,S011
E0238,S006
E0238,S016
E0238,S010
E0239,S005
E0239,S009
E0239,S016
E0240,S019
E0240,S015
E0241,S005
E0241,S016
E0241,S009
E0241,S010
E0242,S013
E0242,S009
E0243,S020
E0243,S015
E0243,S009
E0243,S011
E0243,S006
E0244,S010
E0244,S020
E0245,S013
E0245,S001
E0246,S014
E0246,S012
E0246,S017
E0247,S007
E0247,S005
E0248,S002
E0248,S008
E0248,S013
E0248,S016
E0248,S001
E0249,S010
E0249,S016
E0250,S009
E0250,S016
E0251,S002
E0251,S019
E0251,S010
E0252,S002
E0252,S005
E0253,S004
E0253,S005
E0254,S008
E0254,S003
E0254,S015
E0255,S020
E0255,S008
E0255,S009
E0256,S019
E0256,S013
E0257,S011
E0257,S001
E0258,S017
E0258,S020
E0258,S007
E0259,S013
E0259,S008
E0259,S011
E0259,S003
E0259,S014
E0260,S011
E0260,S002
E0260,S020
E0260,S019
E0260,S014
E0261,S017
E0261,S015
E0261,S006
E0262,S019
E0262,S011
E0263,S002
E0263,S006
E0263,S018
E0263,S007
E0263,S015
E0264,S018
E0264,S009
E0265,S020
E0265,S007
E0265,S003
E0265,S004
E0265,S010
E0266,S013
E0266,S014
E0266,S008
E0267,S017
E0267,S003
E0267,S008
E0268,S019
E0268,S015
E0268,S001
E0268,S008
E0268,S013
E0269,S008
E0269,S010
E0269,S005
E0269,S002
E0269,S017
E0270,S004
E0270,S012
E0270,S006
E0270,S016
E0271,S004
E0271,S009
E0271,S008
E0271,S019
E0271,S003
E0272,S014
E0272,S001
E0272,S009
E0272,S012
E0273,S010
E0273,S015
E0273,S009
E0273,S001
E0273,S002
E0274,S006
E0274,S004
E0274,S012
E0274,S016
E0275,S014
E0275,S011
E0275,S005
E0275,S019
E0276,S013
E0276,S006
E0276,S004
E0276,S020
E0277,S018
E0277,S020
E0277,S010
E0277,S012
E0277,S017
E0278,S006
E0278,S016
E0278,S003
E0278,S017
E0278,S002
E0279,S013
E0279,S001
E0279,S009
E0279,S012
E0279,S017
E0280,S008
E0280,S014
E0280,S010
E0281,S004
E0281,S018
E0281,S006
E0281,S005
E0282,S019
E0282,S003
E0283,S002
E0283,S016
E0283,S019
E0283,S013
E0283,S011
E0284,S003
E0284,S001
E0284,S019
E0285,S016
E0285,S005
E0285,S012
E0286,S005
E0286,S003
E0287,S012
E0287,S017
E0288,S008
E0288,S005
E0288,S020
E0289,S016
E0289,S018
E0289,S005
E0290,S019
E0290,S016
E0291,S020
E0291,S002
E0291,S010
E0292,S015
E0292,S011
E0292,S007
E0293,S020
E0293,S010
E0293,S001
E0293,S012
E0294,S006
E0294,S004
E0294,S011
E0294,S002
E0295,S013
E0295,S016
E0295,S019
E0295,S015
E0296,S020
E0296,S003
E0296,S010
E0297,S010
E0297,S001
E0298,S015
E0298,S002
E0298,S001
E0299,S016
E0299,S015
E0299,S005
E0300,S015
E0300,S016
E0300,S008
E0301,S018
E0301,S013
E0302,S013
E0302,S002
E0302,S020
E0303,S005
E0303,S012
E0303,S019
E0303,S004
E0303,S003
E0304,S005
E0304,S004
E0304,S008
E0304,S020
E0305,S005
E0305,S009
E0305,S020
E0305,S002
E0305,S014
E0306,S011
E0306,S002
E0307,S010
E0307,S020
E0307,S018
E0307,S001
E0308,S010
E0308,S003
E0308,S015
E0308,S004
E0309,S002
E0309,S020
E0309,S016
E0309,S004
E0310,S020
E0310,S005
E0310,S010
E0310,S012
E0311,S003
E0311,S015
E0311,S005
E0311,S004
E0312,S003
E0312,S005
E0312,S018
E0312,S002
E0312,S010
E0313,S018
E0313,S004
E0313,S011
E0313,S013
E0314,S012
E0314,S010
E0314,S016
E0314,S006
E0315,S013
E0315,S020
E0316,S001
E0316,S015
E0316,S008
E0317,S019
E0317,S012
E0318,S020
E0318,S011
E0318,S013
E0318,S008
E0319,S003
E0319,S005
E0319,S010
E0320,S013
E0320,S009
E0320,S005
E0320,S001
E0321,S020
E0321,S016
E0321,S004
E0321,S005
E0322,S009
E0322,S020
E0322,S017
E0323,S017
E0323,S008
E0323,S002
E0324,S016
E0324,S002
E0324,S005
E0324,S007
E0325,S018
E0325,S010
E0325,S012
E0325,S002
E0326,S014
E0326,S005
E0327,S015
E0327,S011
E0327,S019
E0328,S004
E0328,S011
E0328,S007
E0329,S005
E0329,S011
E0329,S009
E0329,S001
E0329,S015
E0330,S009
E0330,S010
E0330,S019
E0330,S020
E0330,S012
E0331,S010
E0331,S015
E0331,S005
E0331,S009
E0331,S004
E0332,S012
E0332,S017
E0332,S019
E0332,S014
E0332,S001
E0333,S006
E0333,S018
E0334,S017
E0334,S018
E0335,S002
E0335,S019
E0335,S003
E0335,S010
E0336,S017
E0336,S011
E0336,S001
E0336,S015
E0337,S006
E0337,S008
E0338,S016
E0338,S014
E0338,S020
E0338,S018
E0338,S010
E0339,S014
E0339,S013
E0340,S001
E0340,S013
E0340,S007
E0340,S009
E0341,S007
E0341,S009
E0341,S005
E0342,S004
E0342,S002
E0343,S001
E0343,S014
E0344,S013
E0344,S015
E0344,S005
E0344,S003
E0344,S020
E0345,S020
E0345,S004
E0346,S004
E0346,S002
E0346,S012
E0347,S003
E0347,S011
E0347,S006
E0347,S002
E0347,S017
E0348,S017
E0348,S010
E0348,S004
E0348,S012
E0348,S002
E0349,S019
E0349,S009
E0349,S010
E0349,S012
E0350,S006
E0350,S010
E0350,S016
E0350,S005
E0351,S016
E0351,S009
E0352,S008
E0352,S003
E0352,S010
E0352,S019
E0352,S002
E0353,S014
E0353,S001
E0353,S002
E0354,S013
E0354,S006
E0355,S013
E0355,S004
E0355,S012
E0356,S003
E0356,S008
E0357,S016
E0357,S014
E0357,S007
E0357,S001
E0357,S010
E0358,S009
E0358,S001
E0358,S017
E0359,S004
E0359,S015
E0359,S005
E0360,S003
E0360,S007
E0360,S001
E0360,S018
E0361,S017
E0361,S013
E0362,S015
E0362,S009
E0362,S017
E0363,S001
E0363,S005
E0363,S002
E0363,S019
E0364,S008
E0364,S010
E0364,S014
E0365,S011
E0365,S009
E0365,S015
E0366,S011
E0366,S017
E0367,S014
E0367,S012
E0367,S003
E0367,S016
E0368,S013
E0368,S014
E0369,S008
E0369,S001
E0370,S007
E0370,S010
E0370,S008
E0370,S002
E0371,S015
E0371,S003
E0372,S009
E0372,S007
E0372,S002
E0373,S007
E0373,S016
E0373,S018
E0374,S006
E0374,S012
E0374,S007
E0374,S018
E0374,S005
E0375,S015
E0375,S011
E0375,S002
E0375,S004
E0375,S001
E0376,S009
E0376,S012
E0376,S014
E0376,S011
E0376,S010
E0377,S010
E0377,S012
E0377,S013
E0377,S007
E0377,S008
E0378,S001
E0378,S020
E0378,S016
E0379,S009
E0379,S019
E0379,S004
E0380,S018
E0380,S008
E0380,S004
E0380,S016
E0380,S009
E0381,S013
E0381,S009
E0382,S013
E0382,S011
E0382,S010
E0382,S009
E0382,S012
E0383,S008
E0383,S003
E0383,S017
E0383,S020
E0383,S010
E0384,S003
E0384,S017
E0385,S001
E0385,S014
E0385,S013
E0385,S006
E0385,S007
E0386,S020
E0386,S018
E0386,S011
E0386,S005
E0387,S017
E0387,S001
E0387,S005
E0387,S008
E0388,S003
E0388,S020
E0388,S001
E0389,S015
E0389,S009
E0389,S017
E0389,S014
E0389,S003
E0390,S017
E0390,S007
E0391,S012
E0391,S016
E0391,S009
E0391,S005
E0392,S010
E0392,S004
E0393,S004
E0393,S007
E0393,S001
E0393,S014
E0394,S016
E0394,S020
E0394,S009
E0394,S017
E0394,S010
E0395,S013
E0395,S010
E0395,S006
E0395,S014
E0395,S005
E0396,S007
E0396,S012
E0396,S009
E0396,S020
E0396,S011
E0397,S019
E0397,S008
E0397,S006
E0397,S004
E0397,S012
E0398,S018
E0398,S006
E0398,S013
E0399,S018
E0399,S003
E0399,S002
E0399,S017
E0399,S013
E0400,S014
E0400,S007
E0400,S004
E0401,S020
E0401,S018
E0401,S019
E0401,S015
E0401,S002
E0402,S014
E0402,S009
E0402,S001
E0402,S006
E0403,S014
E0403,S012
E0403,S004
E0403,S002
E0403,S020
E0404,S008
E0404,S011
E0404,S018
E0404,S019
E0404,S016
E0405,S008
E0405,S019
E0405,S013
E0406,S006
E0406,S013
E0407,S006
E0407,S013
E0408,S019
E0408,S017
E0408,S008
E0408,S020
E0408,S009
E0409,S009
E0409,S019
E0410,S001
E0410,S014
E0410,S012
E0410,S011
E0411,S016
E0411,S011
E0411,S013
E0412,S001
E0412,S011
E0413,S019
E0413,S009
E0413,S007
E0413,S002
E0413,S017
E0414,S005
E0414,S006
E0415,S019
E0415,S008
E0416,S016
E0416,S018
E0417,S003
E0417,S011
E0417,S005
E0418,S005
E0418,S011
E0418,S018
E0418,S016
E0419,S012
E0419,S002
E0419,S011
E0419,S013
E0419,S003
E0420,S006
E0420,S005
E0421,S013
E0421,S008
E0421,S002
E0421,S018
E0421,S010
E0422,S001
E0422,S018
E0422,S020
E0422,S017
E0422,S006
E0423,S020
E0423,S013
E0424,S013
E0424,S002
E0424,S018
E0425,S012
E0425,S015
E0426,S016
E0426,S003
E0426,S006
E0426,S011
E0426,S001
E0427,S003
E0427,S016
E0428,S017
E0428,S012
E0428,S001
E0429,S007
E0429,S010
E0429,S001
E0430,S018
E0430,S006
E0430,S009
E0431,S016
E0431,S001
E0431,S011
E0432,S016
E0432,S020
E0433,S013
E0433,S012
E0433,S019
E0433,S003
E0433,S015
E0434,S004
E0434,S011
E0435,S008
E0435,S012
E0435,S017
E0435,S010
E0436,S018
E0436,S013
E0436,S006
E0437,S012
E0437,S020
E0437,S005
E0437,S016
E0437,S017
E0438,S010
E0438,S009
E0438,S011
E0438,S004
E0439,S010
E0439,S016
E0439,S017
E0439,S008
E0439,S006
E0440,S008
E0440,S015
E0441,S011
E0441,S020
E0441,S009
E0442,S007
E0442,S016
E0443,S015
E0443,S003
E0443,S009
E0443,S008
E0444,S001
E0444,S003
E0444,S002
E0444,S020
E0445,S004
E0445,S003
E0445,S013
E0446,S020
E0446,S007
E0446,S013
E0446,S015
E0447,S012
E0447,S007
E0448,S011
E0448,S013
E0449,S001
E0449,S009
E0449,S010
E0449,S018
E0449,S016
E0450,S007
E0450,S009
E0450,S014
E0450,S006
E0450,S011
E0451,S004
E0451,S009
E0451,S011
E0452,S020
E0452,S011
E0452,S012
E0452,S001
E0453,S011
E0453,S007
E0453,S017
E0453,S016
E0453,S001
E0454,S017
E0454,S014
E0454,S013
E0454,S003
E0454,S011
E0455,S001
E0455,S012
E0455,S015
E0455,S010
E0456,S020
E0456,S002
E0457,S004
E0457,S018
E0457,S012
E0457,S007
E0457,S008
E0458,S015
E0458,S017
E0458,S018
E0458,S002
E0458,S004
E0459,S012
E0459,S011
E0459,S002
E0460,S019
E0460,S016
E0460,S014
E0461,S003
E0461,S005
E0462,S020
E0462,S015
E0463,S001
E0463,S005
E0463,S020
E0464,S004
E0464,S017
E0464,S006
E0465,S008
E0465,S017
E0465,S012
E0465,S014
E0465,S010
E0466,S008
E0466,S007
E0467,S007
E0467,S015
E0467,S017
E0468,S010
E0468,S011
E0468,S018
E0469,S015
E0469,S006
E0470,S003
E0470,S012
E0471,S015
E0471,S010
E0471,S016
E0472,S003
E0472,S012
E0473,S008
E0473,S003
E0473,S017
E0474,S018
E0474,S017
E0475,S012
E0475,S018
E0475,S013
E0475,S020
E0475,S011
E0476,S019
E0476,S014
E0476,S012
E0476,S018
E0476,S020
E0477,S002
E0477,S020
E0477,S013
E0477,S016
E0478,S019
E0478,S003
E0478,S001
E0479,S018
E0479,S015
E0480,S008
E0480,S003
E0481,S011
E0481,S013
E0481,S008
E0481,S014
E0482,S015
E0482,S001
E0482,S002
E0483,S020
E0483,S016
E0483,S001
E0484,S009
E0484,S019
E0484,S018
E0485,S006
E0485,S015
E0485,S008
E0485,S005
E0485,S019
E0486,S017
E0486,S013
E0486,S015
E0487,S003
E0487,S009
E0487,S002
E0487,S006
E0488,S020
E0488,S018
E0488,S009
E0489,S019
E0489,S015
E0489,S011
E0490,S011
E0490,S006
E0490,S016
E0490,S009
E0490,S008
E0491,S002
E0491,S010
E0491,S003
E0492,S001
E0492,S012
E0492,S011
E0492,S005
E0492,S014
E0493,S017
E0493,S009
E0494,S015
E0494,S019
E0495,S008
E0495,S012
E0495,S014
E0496,S013
E0496,S004
E0497,S020
E0497,S013
E0497,S016
E0498,S003
E0498,S004
E0498,S010
E0498,S007
E0499,S001
E0499,S005
E0499,S018
E0499,S013
E0499,S015
E0500,S007
E0500,S001
E0500,S003
E0500,S012
E0501,S016
E0501,S008
E0501,S017
E0502,S002
E0502,S019
E0502,S006
E0502,S001
E0502,S015
E0503,S014
E0503,S018
E0503,S020
E0503,S011
E0504,S012
E0504,S005
E0504,S009
E0505,S019
E0505,S009
E0505,S005
E0506,S017
E0506,S002
E0506,S012
E0507,S020
E0507,S003
E0507,S001
E0507,S005
E0507,S002
E0508,S007
E0508,S014
E0508,S018
E0508,S017
E0509,S009
E0509,S005
E0509,S006
E0509,S015
E0509,S017
E0510,S013
E0510,S005
E0511,S007
E0511,S013
E0511,S003
E0511,S014
E0511,S004
E0512,S006
E0512,S019
E0512,S015
E0513,S002
E0513,S020
E0514,S016
E0514,S019
E0514,S017
E0514,S001
E0515,S004
E0515,S002
E0516,S011
E0516,S002
E0516,S006
E0517,S016
E0517,S014
E0517,S020
E0517,S003
E0518,S020
E0518,S011
E0518,S008
E0518,S004
E0518,S018
E0519,S009
E0519,S007
E0520,S004
E0520,S018
E0521,S015
E0521,S019
E0522,S017
E0522,S019
E0522,S007
E0522,S004
E0523,S008
E0523,S004
E0524,S016
E0524,S013
E0524,S009
E0524,S020
E0524,S002
E0525,S010
E0525,S013
E0526,S013
E0526,S008
E0526,S001
E0527,S012
E0527,S009
E0527,S002
E0528,S001
E0528,S013
E0528,S002
E0528,S006
E0529,S003
E0529,S013
E0529,S020
E0529,S007
E0529,S008
E0530,S006
E0530,S017
E0530,S007
E0531,S013
E0531,S014
E0532,S004
E0532,S001
E0532,S019
E0533,S004
E0533,S010
E0534,S007
E0534,S016
E0535,S012
E0535,S020
E0536,S012
E0536,S007
E0537,S020
E0537,S006
E0537,S011
E0537,S015
E0537,S008
E0538,S007
E0538,S014
E0539,S001
E0539,S014
E0539,S016
E0539,S015
E0539,S009
E0540,S002
E0540,S007
E0540,S012
E0541,S015
E0541,S004
E0541,S009
E0542,S009
E0542,S008
E0542,S015
E0543,S007
E0543,S009
E0544,S009
E0544,S006
E0544,S014
E0544,S002
E0545,S018
E0545,S016
E0545,S003
E0545,S008
E0545,S011
E0546,S008
E0546,S007
E0546,S013
E0546,S016
E0546,S011
E0547,S007
E0547,S013
E0547,S001
E0548,S003
E0548,S020
E0548,S009
E0549,S009
E0549,S012
E0549,S011
E0549,S013
E0550,S019
E0550,S007
E0550,S017
E0550,S002
E0551,S018
E0551,S008
E0551,S002
E0551,S010
E0552,S004
E0552,S014
E0552,S016
E0552,S018
E0553,S001
E0553,S005
E0553,S010
E0554,S017
E0554,S008
E0555,S009
E0555,S011
E0555,S012
E0556,S011
E0556,S019
E0556,S001
E0556,S009
E0557,S013
E0557,S015
E0557,S019
E0558,S005
E0558,S004
E0559,S014
E0559,S020
E0559,S004
E0560,S019
E0560,S001
E0560,S013
E0561,S009
E0561,S018
E0562,S005
E0562,S007
E0562,S016
E0562,S010
E0563,S001
E0563,S016
E0563,S012
E0563,S008
E0563,S013
E0564,S019
E0564,S003
E0564,S007
E0565,S012
E0565,S018
E0565,S009
E0565,S010
E0566,S003
E0566,S005
E0566,S015
E0566,S013
E0566,S011
E0567,S015
E0567,S005
E0567,S010
E0568,S005
E0568,S014
E0568,S015
E0568,S007
E0568,S013
E0569,S002
E0569,S012
E0570,S018
E0570,S003
E0570,S019
E0570,S013
E0571,S015
E0571,S010
E0571,S018
E0571,S007
E0572,S011
E0572,S003
E0573,S014
E0573,S008
E0573,S006
E0573,S001
E0573,S007
E0574,S019
E0574,S018
E0575,S010
E0575,S014
E0575,S001
E0576,S006
E0576,S004
E0576,S014
E0576,S016
E0577,S008
E0577,S020
E0578,S016
E0578,S017
E0578,S006
E0578,S009
E0578,S008
E0579,S007
E0579,S010
E0579,S006
E0580,S001
E0580,S004
E0580,S014
E0580,S011
E0581,S011
E0581,S017
E0581,S004
E0581,S010
E0582,S002
E0582,S014
E0582,S017
E0583,S018
E0583,S003
E0583,S014
E0583,S004
E0583,S012
E0584,S004
E0584,S009
E0584,S014
E0585,S012
E0585,S015
E0586,S013
E0586,S005
E0586,S002
E0586,S001
E0586,S012
E0587,S005
E0587,S004
E0587,S018
E0587,S014
E0588,S008
E0588,S007
E0588,S019
E0588,S016
E0589,S018
E0589,S009
E0589,S015
E0589,S004
E0590,S012
E0590,S017
E0590,S005
E0590,S009
E0591,S013
E0591,S015
E0592,S007
E0592,S017
E0592,S018
E0592,S006
E0592,S012
E0593,S009
E0593,S019
E0593,S013
E0594,S014
E0594,S016
E0595,S014
E0595,S017
E0595,S007
E0595,S009
E0595,S018
E0596,S009
E0596,S010
E0596,S006
E0596,S016
E0596,S018
E0597,S014
E0597,S004
E0598,S016
E0598,S006
E0598,S009
E0599,S015
E0599,S017
E0599,S013
E0600,S008
E0600,S010
E0600,S011
E0601,S005
E0601,S004
E0601,S009
E0602,S008
E0602,S007
E0602,S011
E0602,S005
E0603,S012
E0603,S002
E0603,S001
E0603,S019
E0603,S005
E0604,S007
E0604,S011
E0604,S013
E0605,S005
E0605,S014
E0606,S002
E0606,S009
E0607,S018
E0607,S019
E0607,S008
E0608,S012
E0608,S016
E0609,S004
E0609,S002
E0609,S008
E0610,S019
E0610,S002
E0610,S012
E0610,S007
E0611,S003
E0611,S004
E0611,S011
E0611,S005
E0611,S016
E0612,S019
E0612,S006
E0612,S007
E0612,S002
E0613,S006
E0613,S018
E0613,S003
E0613,S011
E0613,S020
E0614,S014
E0614,S005
E0614,S017
E0614,S001
E0615,S010
E0615,S002
E0615,S015
E0616,S011
E0616,S018
E0616,S012
E0617,S009
E0617,S016
E0617,S007
E0618,S014
E0618,S013
E0618,S019
E0618,S002
E0618,S008
E0619,S007
E0619,S009
E0619,S002
E0619,S013
E0620,S013
E0620,S002
E0620,S008
E0620,S006
E0621,S010
E0621,S008
E0621,S005
E0622,S001
E0622,S020
E0622,S019
E0622,S014
E0622,S005
E0623,S002
E0623,S019
E0623,S018
E0623,S015
E0623,S010
E0624,S011
E0624,S005
E0624,S010
E0624,S002
E0625,S008
E0625,S011
E0625,S006
E0625,S020
E0626,S011
E0626,S012
E0626,S001
E0627,S018
E0627,S009
E0627,S016
E0628,S019
E0628,S003
E0629,S017
E0629,S008
E0629,S016
E0629,S020
E0629,S004
E0630,S014
E0630,S019
E0630,S003
E0630,S015
E0630,S005
E0631,S019
E0631,S020
E0631,S001
E0631,S017
E0632,S002
E0632,S009
E0633,S012
E0633,S007
E0633,S014
E0633,S013
E0633,S006
E0634,S002
E0634,S005
E0634,S006
E0634,S019
E0635,S002
E0635,S016
E0635,S004
E0635,S008
E0636,S014
E0636,S019
E0636,S020
E0637,S008
E0637,S017
E0637,S020
E0637,S014
E0637,S010
E0638,S014
E0638,S009
E0638,S016
E0638,S001
E0638,S017
E0639,S001
E0639,S017
E0639,S014
E0639,S012
E0639,S010
E0640,S008
E0640,S013
E0640,S020
E0640,S002
E0641,S009
E0641,S007
E0642,S001
E0642,S020
E0642,S014
E0643,S015
E0643,S017
E0644,S002
E0644,S018
E0644,S007
E0645,S001
E0645,S019
E0645,S013
E0646,S017
E0646,S018
E0647,S012
E0647,S003
E0648,S018
E0648,S004
E0648,S005
E0649,S010
E0649,S009
E0650,S016
E0650,S004
E0650,S015
E0650,S012
E0651,S006
E0651,S020
E0651,S005
E0652,S008
E0652,S014
E0652,S004
E0652,S012
E0653,S017
E0653,S008
E0653,S002
E0654,S017
E0654,S018
E0655,S002
E0655,S014
E0655,S019
E0656,S001
E0656,S011
E0657,S005
E0657,S019
E0657,S015
E0658,S010
E0658,S008
E0658,S007
E0658,S011
E0659,S009
E0659,S008
E0660,S004
E0660,S013
E0660,S019
E0660,S008
E0661,S008
E0661,S004
E0662,S014
E0662,S015
E0662,S020
E0662,S001
E0663,S009
E0663,S005
E0663,S012
E0663,S019
E0663,S002
E0664,S017
E0664,S009
E0664,S020
E0664,S003
E0664,S019
E0665,S008
E0665,S003
E0665,S013
E0666,S011
E0666,S004
E0666,S005
E0666,S003
E0666,S007
E0667,S008
E0667,S017
E0667,S001
E0667,S011
E0667,S012
E0668,S014
E0668,S003
E0668,S006
E0668,S019
E0668,S016
E0669,S009
E0669,S016
E0669,S013
E0669,S018
E0669,S008
E0670,S008
E0670,S010
E0670,S013
E0671,S003
E0671,S005
E0671,S010
E0671,S011
E0671,S008
E0672,S010
E0672,S017
E0672,S008
E0673,S017
E0673,S001
E0673,S011
E0674,S008
E0674,S011
E0675,S017
E0675,S020
E0675,S019
E0676,S003
E0676,S019
E0677,S004
E0677,S014
E0677,S001
E0678,S008
E0678,S018
E0679,S010
E0679,S002
E0680,S002
E0680,S005
E0680,S012
E0680,S011
E0680,S019
E0681,S009
E0681,S010
E0681,S016
E0681,S005
E0682,S005
E0682,S014
E0682,S016
E0683,S017
E0683,S018
E0683,S004
E0683,S005
E0684,S011
E0684,S005
E0684,S019
E0684,S003
E0685,S014
E0685,S007
E0685,S010
E0685,S008
E0685,S020
E0686,S011
E0686,S009
E0686,S019
E0686,S006
E0686,S016
E0687,S003
E0687,S015
E0687,S014
E0687,S019
E0687,S016
E0688,S001
E0688,S014
E0689,S017
E0689,S013
E0689,S014
E0689,S010
E0690,S014
E0690,S019
E0690,S010
E0690,S006
E0690,S004
E0691,S020
E0691,S018
E0691,S017
E0691,S003
E0692,S009
E0692,S016
E0692,S020
E0693,S011
E0693,S017
E0693,S016
E0694,S011
E0694,S002
E0694,S020
E0695,S004
E0695,S016
E0695,S013
E0695,S010
E0695,S002
E0696,S020
E0696,S004
E0697,S006
E0697,S010
E0697,S016
E0697,S003
E0697,S011
E0698,S013
E0698,S012
E0699,S014
E0699,S011
E0699,S013
E0699,S016
E0699,S009
E0700,S015
E0700,S012
E0700,S001
E0701,S014
E0701,S012
E0701,S002
E0701,S001
E0701,S010
E0702,S008
E0702,S012
E0702,S005
E0702,S003
E0703,S004
E0703,S003
E0703,S018
E0704,S005
E0704,S018
E0704,S001
E0705,S002
E0705,S020
E0705,S014
E0705,S003
E0706,S009
E0706,S011
E0707,S015
E0707,S016
E0707,S006
E0708,S010
E0708,S012
E0708,S018
E0708,S014
E0708,S013
E0709,S012
E0709,S009
E0709,S016
E0709,S018
E0710,S007
E0710,S014
E0710,S003
E0710,S013
E0711,S015
E0711,S017
E0711,S020
E0711,S018
E0712,S019
E0712,S002
E0712,S018
E0713,S003
E0713,S002
E0713,S008
E0714,S003
E0714,S005
E0714,S007
E0714,S001
E0714,S014
E0715,S008
E0715,S013
E0715,S012
E0715,S001
E0716,S009
E0716,S007
E0717,S011
E0717,S012
E0717,S020
E0717,S008
E0718,S018
E0718,S006
E0718,S014
E0719,S008
E0719,S005
E0720,S008
E0720,S004
E0720,S012
E0721,S013
E0721,S007
E0722,S004
E0722,S011
E0722,S016
E0723,S014
E0723,S013
E0723,S004
E0723,S016
E0723,S007
E0724,S013
E0724,S003
E0724,S020
E0725,S009
E0725,S008
E0725,S010
E0725,S019
E0726,S010
E0726,S004
E0726,S002
E0726,S012
E0726,S006
E0727,S003
E0727,S014
E0727,S015
E0728,S008
E0728,S019
E0729,S012
E0729,S006
E0729,S019
E0729,S009
E0730,S001
E0730,S019
E0730,S014
E0731,S018
E0731,S013
E0732,S010
E0732,S008
E0733,S003
E0733,S017
E0734,S004
E0734,S019
E0735,S005
E0735,S016
E0735,S013
E0736,S012
E0736,S005
E0736,S011
E0736,S016
E0736,S006
E0737,S017
E0737,S003
E0737,S002
E0737,S008
E0738,S009
E0738,S015
E0738,S020
E0738,S002
E0738,S001
E0739,S020
E0739,S016
E0739,S014
E0740,S002
E0740,S009
E0741,S008
E0741,S017
E0741,S006
E0741,S012
E0741,S015
E0742,S019
E0742,S002
E0742,S006
E0742,S001
E0743,S017
E0743,S019
E0744,S013
E0744,S001
E0744,S002
E0744,S009
E0745,S008
E0745,S006
E0745,S012
E0745,S018
E0746,S018
E0746,S005
E0746,S017
E0746,S002
E0747,S007
E0747,S003
E0747,S015
E0747,S004
E0747,S010
E0748,S012
E0748,S018
E0748,S006
E0749,S009
E0749,S007
E0749,S011
E0749,S015
E0750,S012
E0750,S018
E0750,S005
E0750,S008
E0750,S011
E0751,S007
E0751,S012
E0752,S014
E0752,S002
E0752,S015
E0753,S009
E0753,S012
E0753,S002
E0754,S014
E0754,S006
E0754,S016
E0755,S002
E0755,S016
E0755,S003
E0755,S010
E0755,S005
E0756,S010
E0756,S011
E0756,S017
E0756,S018
E0757,S005
E0757,S018
E0757,S011
E0758,S006
E0758,S009
E0759,S004
E0759,S005
E0759,S013
E0759,S006
E0760,S014
E0760,S008
E0761,S020
E0761,S012
E0761,S018
E0761,S006
E0761,S002
E0762,S002
E0762,S006
E0762,S008
E0762,S005
E0763,S009
E0763,S003
E0763,S019
E0763,S013
E0764,S007
E0764,S001
E0765,S001
E0765,S005
E0766,S008
E0766,S006
E0766,S018
E0767,S016
E0767,S009
E0767,S011
E0767,S008
E0768,S006
E0768,S007
E0768,S004
E0768,S011
E0769,S007
E0769,S019
E0769,S004
E0769,S006
E0769,S008
E0770,S001
E0770,S002
E0770,S014
E0770,S006
E0771,S017
E0771,S014
E0772,S015
E0772,S014
E0772,S004
E0773,S018
E0773,S019
E0774,S002
E0774,S003
E0774,S014
E0774,S009
E0774,S016
E0775,S014
E0775,S010
E0775,S011
E0776,S002
E0776,S003
E0776,S007
E0776,S008
E0776,S015
E0777,S003
E0777,S020
E0777,S011
E0777,S007
E0777,S015
E0778,S014
E0778,S020
E0778,S017
E0779,S014
E0779,S017
E0779,S020
E0779,S002
E0780,S017
E0780,S006
E0780,S019
E0780,S014
E0780,S012
E0781,S012
E0781,S017
E0782,S009
E0782,S010
E0782,S012
E0782,S011
E0782,S008
E0783,S019
E0783,S004
E0783,S018
E0783,S017
E0783,S012
E0784,S008
E0784,S002
E0784,S018
E0784,S004
E0784,S014
E0785,S005
E0785,S002
E0785,S020
E0785,S018
E0786,S004
E0786,S003
E0787,S014
E0787,S012
E0788,S020
E0788,S018
E0789,S020
E0789,S008
E0789,S013
E0790,S004
E0790,S013
E0791,S003
E0791,S020
E0791,S006
E0791,S012
E0791,S017
E0792,S010
E0792,S001
E0793,S009
E0793,S014
E0793,S002
E0794,S010
E0794,S007
E0794,S009
E0794,S020
E0795,S005
E0795,S018
E0795,S012
E0795,S014
E0795,S010
E0796,S007
E0796,S014
E0796,S001
E0796,S013
E0796,S003
E0797,S002
E0797,S007
E0797,S001
E0797,S010
E0797,S012
E0798,S005
E0798,S006
E0798,S012
E0798,S019
E0799,S004
E0799,S007
E0799,S008
E0799,S015
E0800,S017
E0800,S006
E0800,S002
E0800,S001
E0801,S007
E0801,S019
E0801,S016
E0801,S006
E0801,S004
E0802,S018
E0802,S007
E0802,S011
E0802,S005
E0803,S001
E0803,S011
E0804,S020
E0804,S003
E0804,S018
E0805,S009
E0805,S014
E0805,S019
E0805,S017
E0805,S020
E0806,S006
E0806,S019
E0806,S003
E0807,S002
E0807,S018
E0807,S006
E0808,S017
E0808,S005
E0808,S010
E0808,S009
E0808,S006
E0809,S020
E0809,S018
E0809,S016
E0809,S015
E0809,S019
E0810,S019
E0810,S011
E0810,S005
E0810,S009
E0810,S017
E0811,S011
E0811,S003
E0812,S014
E0812,S015
E0813,S001
E0813,S018
E0814,S011
E0814,S001
E0815,S010
E0815,S009
E0816,S012
E0816,S008
E0817,S006
E0817,S012
E0817,S009
E0817,S005
E0817,S014
E0818,S004
E0818,S016
E0819,S007
E0819,S009
E0819,S003
E0820,S020
E0820,S018
E0821,S017
E0821,S001
E0822,S010
E0822,S005
E0822,S013
E0823,S019
E0823,S008
E0823,S018
E0824,S013
E0824,S015
E0824,S011
E0824,S009
E0825,S003
E0825,S009
E0825,S008
E0826,S013
E0826,S016
E0826,S008
E0827,S008
E0827,S002
E0827,S007
E0827,S016
E0828,S004
E0828,S012
E0828,S003
E0829,S001
E0829,S015
E0830,S004
E0830,S010
E0830,S019
E0831,S019
E0831,S010
E0831,S006
E0831,S001
E0832,S001
E0832,S016
E0832,S004
E0832,S011
E0832,S014
E0833,S002
E0833,S009
E0833,S008
E0833,S018
E0833,S010
E0834,S004
E0834,S003
E0834,S007
E0834,S010
E0835,S014
E0835,S018
E0835,S003
E0835,S011
E0836,S001
E0836,S013
E0836,S005
E0837,S005
E0837,S012
E0838,S003
E0838,S008
E0839,S003
E0839,S008
E0840,S005
E0840,S015
E0840,S017
E0840,S020
E0841,S007
E0841,S012
E0841,S017
E0841,S014
E0841,S011
E0842,S014
E0842,S004
E0842,S007
E0843,S012
E0843,S005
E0844,S006
E0844,S014
E0845,S017
E0845,S019
E0845,S005
E0845,S013
E0845,S010
E0846,S019
E0846,S017
E0846,S018
E0846,S001
E0846,S014
E0847,S020
E0847,S009
E0847,S015
E0847,S017
E0847,S018
E0848,S004
E0848,S008
E0849,S002
E0849,S020
E0849,S011
E0850,S003
E0850,S020
E0850,S005
E0850,S015
E0851,S003
E0851,S019
E0851,S001
E0851,S013
E0852,S014
E0852,S018
E0852,S008
E0853,S016
E0853,S001
E0853,S017
E0854,S005
E0854,S018
E0854,S012
E0855,S014
E0855,S017
E0855,S007
E0855,S018
E0856,S020
E0856,S007
E0856,S018
E0857,S008
E0857,S010
E0857,S012
E0857,S005
E0858,S015
E0858,S007
E0858,S011
E0858,S001
E0859,S018
E0859,S015
E0859,S012
E0859,S005
E0860,S020
E0860,S006
E0860,S002
E0860,S001
E0861,S011
E0861,S020
E0862,S013
E0862,S010
E0862,S005
E0862,S020
E0862,S017
E0863,S006
E0863,S019
E0863,S011
E0863,S015
E0863,S004
E0864,S020
E0864,S007
E0864,S002
E0865,S010
E0865,S012
E0865,S008
E0866,S012
E0866,S013
E0866,S002
E0866,S007
E0866,S010
E0867,S016
E0867,S002
E0867,S004
E0867,S018
E0867,S020
E0868,S016
E0868,S002
E0869,S002
E0869,S011
E0869,S008
E0869,S014
E0870,S007
E0870,S018
E0871,S007
E0871,S019
E0871,S013
E0871,S002
E0871,S008
E0872,S017
E0872,S004
E0872,S020
E0872,S003
E0872,S011
E0873,S008
E0873,S001
E0873,S007
E0873,S009
E0873,S006
E0874,S017
E0874,S009
E0874,S019
E0874,S005
E0874,S011
E0875,S004
E0875,S002
E0876,S020
E0876,S007
E0876,S006
E0876,S015
E0877,S017
E0877,S009
E0878,S016
E0878,S015
E0878,S004
E0878,S010
E0879,S005
E0879,S015
E0879,S001
E0880,S007
E0880,S017
E0880,S003
E0880,S010
E0881,S004
E0881,S002
E0881,S013
E0881,S019
E0882,S002
E0882,S005
E0882,S016
E0883,S009
E0883,S016
E0883,S017
E0883,S007
E0884,S006
E0884,S002
E0884,S004
E0884,S011
E0884,S019
E0885,S002
E0885,S004
E0885,S008
E0886,S015
E0886,S004
E0886,S006
E0886,S002
E0887,S007
E0887,S011
E0887,S003
E0887,S002
E0888,S019
E0888,S017
E0888,S010
E0888,S011
E0888,S013
E0889,S011
E0889,S013
E0889,S012
E0890,S010
E0890,S011
E0890,S007
E0890,S015
E0890,S003
E0891,S018
E0891,S008
E0891,S005
E0891,S003
E0891,S019
E0892,S003
E0892,S016
E0892,S014
E0892,S005
E0892,S006
E0893,S018
E0893,S007
E0893,S013
E0893,S010
E0894,S014
E0894,S015
E0894,S009
E0895,S006
E0895,S009
E0895,S013
E0896,S014
E0896,S006
E0896,S019
E0896,S005
E0897,S015
E0897,S020
E0897,S002
E0897,S013
E0898,S006
E0898,S011
E0898,S005
E0899,S010
E0899,S020
E0899,S003
E0900,S011
E0900,S010
E0900,S006
E0900,S007
E0901,S010
E0901,S006
E0902,S010
E0902,S013
E0903,S009
E0903,S006
E0903,S019
E0903,S008
E0903,S003
E0904,S017
E0904,S015
E0904,S013
E0905,S003
E0905,S011
E0905,S013
E0905,S019
E0905,S017
E0906,S012
E0906,S003
E0906,S010
E0907,S017
E0907,S011
E0907,S012
E0908,S010
E0908,S005
E0908,S013
E0908,S009
E0909,S019
E0909,S002
E0909,S001
E0909,S008
E0909,S020
E0910,S017
E0910,S008
E0911,S011
E0911,S017
E0911,S013
E0912,S017
E0912,S005
E0913,S011
E0913,S016
E0913,S009
E0913,S010
E0913,S018
E0914,S020
E0914,S007
E0914,S010
E0914,S012
E0915,S014
E0915,S003
E0916,S015
E0916,S017
E0917,S019
E0917,S007
E0918,S018
E0918,S011
E0918,S017
E0918,S007
E0919,S010
E0919,S006
E0919,S017
E0919,S007
E0920,S014
E0920,S004
E0921,S012
E0921,S020
E0921,S019
E0922,S002
E0922,S012
E0922,S006
E0922,S016
E0922,S003
E0923,S017
E0923,S008
E0923,S012
E0923,S004
E0924,S002
E0924,S003
E0924,S020
E0924,S004
E0924,S009
E0925,S017
E0925,S001
E0925,S014
E0925,S010
E0926,S003
E0926,S010
E0927,S020
E0927,S003
E0927,S011
E0928,S019
E0928,S017
E0929,S011
E0929,S003
E0929,S019
E0930,S009
E0930,S013
E0931,S014
E0931,S010
E0931,S018
E0932,S017
E0932,S007
E0932,S015
E0932,S004
E0933,S003
E0933,S010
E0933,S012
E0933,S001
E0933,S011
E0934,S010
E0934,S019
E0934,S002
E0934,S007
E0935,S005
E0935,S017
E0935,S013
E0936,S007
E0936,S014
E0936,S019
E0937,S014
E0937,S010
E0937,S019
E0938,S020
E0938,S011
E0938,S003
E0939,S009
E0939,S002
E0939,S015
E0939,S008
E0939,S013
E0940,S001
E0940,S008
E0941,S010
E0941,S020
E0941,S018
E0942,S014
E0942,S005
E0942,S017
E0942,S019
E0942,S003
E0943,S011
E0943,S018
E0943,S017
E0943,S005
E0943,S003
E0944,S016
E0944,S020
E0945,S005
E0945,S015
E0945,S017
E0945,S008
E0946,S005
E0946,S003
E0946,S013
E0946,S002
E0946,S015
E0947,S002
E0947,S001
E0947,S020
E0947,S007
E0947,S015
E0948,S003
E0948,S009
E0948,S008
E0948,S019
E0949,S012
E0949,S010
E0949,S004
E0949,S017
E0950,S017
E0950,S009
E0950,S003
E0951,S020
E0951,S017
E0951,S007
E0951,S016
E0951,S011
E0952,S004
E0952,S016
E0952,S011
E0952,S002
E0953,S014
E0953,S017
E0953,S004
E0953,S020
E0954,S001
E0954,S013
E0954,S006
E0954,S004
E0955,S007
E0955,S008
E0955,S004
E0955,S012
E0955,S006
E0956,S017
E0956,S004
E0956,S020
E0957,S004
E0957,S017
E0957,S014
E0957,S006
E0957,S020
E0958,S011
E0958,S019
E0959,S006
E0959,S005
E0959,S019
E0959,S013
E0960,S014
E0960,S004
E0960,S017
E0960,S019
E0960,S001
E0961,S011
E0961,S019
E0961,S013
E0962,S014
E0962,S017
E0962,S011
E0962,S003
E0962,S009
E0963,S018
E0963,S017
E0963,S007
E0963,S003
E0964,S019
E0964,S017
E0965,S020
E0965,S003
E0965,S014
E0966,S009
E0966,S016
E0967,S007
E0967,S004
E0967,S002
E0967,S016
E0968,S010
E0968,S002
E0968,S003
E0968,S020
E0968,S004
E0969,S004
E0969,S012
E0969,S009
E0969,S017
E0969,S014
E0970,S004
E0970,S013
E0970,S002
E0970,S009
E0971,S017
E0971,S001
E0971,S004
E0972,S015
E0972,S016
E0972,S011
E0972,S006
E0972,S020
E0973,S013
E0973,S012
E0973,S019
E0974,S011
E0974,S002
E0974,S010
E0974,S020
E0975,S012
E0975,S005
E0975,S008
E0975,S019
E0976,S007
E0976,S011
E0977,S002
E0977,S009
E0977,S004
E0977,S006
E0978,S012
E0978,S014
E0978,S015
E0978,S001
E0978,S013
E0979,S007
E0979,S011
E0979,S016
E0979,S003
E0980,S012
E0980,S020
E0980,S007
E0980,S010
E0981,S017
E0981,S007
E0981,S001
E0982,S015
E0982,S004
E0982,S001
E0982,S012
E0982,S017
E0983,S019
E0983,S014
E0983,S006
E0983,S003
E0983,S018
E0984,S016
E0984,S005
E0984,S020
E0984,S007
E0984,S013
E0985,S020
E0985,S019
E0985,S008
E0986,S008
E0986,S007
E0986,S006
E0986,S004
E0986,S002
E0987,S007
E0987,S004
E0987,S008
E0987,S020
E0988,S001
E0988,S012
E0988,S006
E0988,S017
E0988,S011
E0989,S002
E0989,S006
E0989,S012
E0990,S003
E0990,S018
E0991,S010
E0991,S011
E0991,S016
E0991,S009
E0992,S009
E0992,S016
E0992,S003
E0993,S005
E0993,S010
E0993,S003
E0993,S014
E0993,S007
E0994,S006
E0994,S020
E0995,S011
E0995,S014
E0996,S020
E0996,S013
E0997,S013
E0997,S017
E0998,S018
E0998,S017
E0998,S004
E0998,S001
E0998,S014
E0999,S002
E0999,S017
E0999,S020
E0999,S015
E1000,S007
E1000,S018
