emp_id,name,experience_years,location,status,designation
E0001,Elizabeth Miller,11,Hyderabad,ON_PROJECT,Lead
E0002,David Martinez,19,Chennai,ON_PROJECT,Architect
E0003,Sarah Prasad,18,Delhi,ON_PROJECT,Architect
E0004,Ganesh Pillai,4,Delhi,ON_PROJECT,Developer
E0005,Michael Prasad,9,Chennai,ON_PROJECT,Lead
E0006,Jennifer Patel,12,Mumbai,ON_PROJECT,Lead
E0007,Sneha Deshmukh,18,Pune,BENCH,Architect
E0008,Rahul Singh,4,Pune,BENCH,Developer
E0009,Alexander Smith,9,Chennai,BENCH,Lead
E0010,Kiran Rodriguez,9,Chennai,ON_PROJECT,Lead
E0011,Aarav Miller,18,Delhi,BENCH,Architect
E0012,Emily Smith,13,Delhi,ON_PROJECT,Architect
E0013,Sanjay Nair,7,Pune,BENCH,Senior Developer
E0014,Patricia Choudhury,20,Hyderabad,ON_PROJECT,Architect
E0015,James Martinez,3,Pune,ON_PROJECT,Developer
E0016,Neha Singh,17,Pune,ON_PROJECT,Architect
E0017,Linda Jones,6,Delhi,BENCH,Senior Developer
E0018,Nikhil Rao,11,Hyderabad,BENCH,Lead
E0019,Emily Brown,11,Mumbai,ON_PROJECT,Lead
E0020,James Sharma,12,Hyderabad,BENCH,Lead
E0021,Siddharth Choudhury,13,Delhi,ON_PROJECT,Architect
E0022,Kiran Patel,9,Pune,ON_PROJECT,Lead
E0023,Sneha Mehta,3,Delhi,ON_PROJECT,Developer
E0024,James Choudhury,4,Mumbai,BENCH,Developer
E0025,Elizabeth Choudhury,13,Pune,BENCH,Architect
E0026,Sneha Davis,14,Delhi,ON_PROJECT,Architect
E0027,Robert Reddy,9,Mumbai,BENCH,Lead
E0028,David Rodriguez,20,Delhi,ON_PROJECT,Architect
E0029,Pooja Smith,9,Mumbai,BENCH,Lead
E0030,John Davis,8,Delhi,ON_PROJECT,Senior Developer
E0031,Linda Miller,12,Pune,BENCH,Lead
E0032,Jennifer Deshmukh,6,Bangalore,ON_PROJECT,Senior Developer
E0033,Kiran Nair,1,Delhi,ON_PROJECT,Trainee
E0034,Elizabeth Nair,16,Pune,ON_PROJECT,Architect
E0035,John Verma,19,Delhi,ON_PROJECT,Architect
E0036,Linda Deshmukh,14,Mumbai,ON_PROJECT,Architect
E0037,Richard Sen,4,Bangalore,ON_PROJECT,Developer
E0038,Emily Jones,20,Pune,ON_PROJECT,Architect
E0039,Michael Gupta,18,Bangalore,ON_PROJECT,Architect
E0040,David Bose,10,Delhi,ON_PROJECT,Lead
E0041,Barbara Rao,1,Chennai,ON_PROJECT,Trainee
E0042,Robert Reddy,15,Hyderabad,ON_PROJECT,Architect
E0043,Siddharth Brown,16,Hyderabad,ON_PROJECT,Architect
E0044,Jennifer Jones,14,Chennai,ON_PROJECT,Architect
E0045,John Gupta,1,Delhi,ON_PROJECT,Trainee
E0046,Ganesh Jones,4,Delhi,BENCH,Developer
E0047,Madhav Das,20,Mumbai,BENCH,Architect
E0048,Sanjay Prasad,19,Mumbai,BENCH,Architect
E0049,Madhav Bose,8,Mumbai,ON_PROJECT,Senior Developer
E0050,Patricia Rodriguez,11,Chennai,BENCH,Lead
E0051,Richard Bose,13,Delhi,ON_PROJECT,Architect
E0052,Neha Sen,3,Pune,BENCH,Developer
E0053,Sneha Johnson,14,Bangalore,ON_PROJECT,Architect
E0054,Neha Jones,9,Pune,ON_PROJECT,Lead
E0055,Michael Bose,9,Pune,BENCH,Lead
E0056,Aditi Prasad,13,Hyderabad,ON_PROJECT,Architect
E0057,Richard Rao,5,Delhi,ON_PROJECT,Developer
E0058,Rohan Smith,14,Bangalore,ON_PROJECT,Architect
E0059,Arjun Kumar,8,Delhi,BENCH,Senior Developer
E0060,William Williams,12,Chennai,ON_PROJECT,Lead
E0061,Amit Patel,10,Pune,ON_PROJECT,Lead
E0062,Emily Reddy,4,Pune,ON_PROJECT,Developer
E0063,Alexander Rao,7,Chennai,BENCH,Senior Developer
E0064,William Joshi,8,Hyderabad,BENCH,Senior Developer
E0065,Aditi Kumar,1,Hyderabad,BENCH,Trainee
E0066,Emily Miller,4,Delhi,ON_PROJECT,Developer
E0067,Aditi Patel,16,Pune,ON_PROJECT,Architect
E0068,Barbara Kumar,3,Bangalore,ON_PROJECT,Developer
E0069,Sarah Pillai,8,Pune,ON_PROJECT,Senior Developer
E0070,Arjun Verma,3,Chennai,ON_PROJECT,Developer
E0071,Ananya Nair,20,Hyderabad,ON_PROJECT,Architect
E0072,Ganesh Deshmukh,9,Mumbai,ON_PROJECT,Lead
E0073,Aarav Singh,5,Mumbai,ON_PROJECT,Developer
E0074,Emily Jones,11,Bangalore,ON_PROJECT,Lead
E0075,Sarah Choudhury,14,Pune,ON_PROJECT,Architect
E0076,Amit Mehta,13,Mumbai,ON_PROJECT,Architect
E0077,John Sen,14,Bangalore,ON_PROJECT,Architect
E0078,Aditi Jones,3,Hyderabad,ON_PROJECT,Developer
E0079,Michael Iyer,4,Bangalore,ON_PROJECT,Developer
E0080,Patricia Reddy,4,Mumbai,ON_PROJECT,Developer
E0081,Barbara Kumar,3,Bangalore,BENCH,Developer
E0082,Sarah Reddy,10,Hyderabad,ON_PROJECT,Lead
E0083,Richard Martinez,17,Pune,ON_PROJECT,Architect
E0084,Sarah Gupta,11,Delhi,ON_PROJECT,Lead
E0085,Yash Brown,11,Delhi,ON_PROJECT,Lead
E0086,Deepika Rodriguez,5,Hyderabad,ON_PROJECT,Developer
E0087,Patricia Johnson,1,Hyderabad,ON_PROJECT,Trainee
E0088,Rohan Iyer,4,Mumbai,BENCH,Developer
E0089,Amit Brown,12,Delhi,BENCH,Lead
E0090,David Deshmukh,10,Pune,ON_PROJECT,Lead
E0091,Deepika Deshmukh,6,Hyderabad,ON_PROJECT,Senior Developer
E0092,Patricia Johnson,8,Pune,BENCH,Senior Developer
E0093,James Bose,5,Delhi,ON_PROJECT,Developer
E0094,Rohan Mehta,10,Chennai,ON_PROJECT,Lead
E0095,Rohan Brown,1,Mumbai,ON_PROJECT,Trainee
E0096,Yash Johnson,9,Delhi,ON_PROJECT,Lead
E0097,Sneha Davis,11,Delhi,ON_PROJECT,Lead
E0098,Madhav Pillai,2,Hyderabad,BENCH,Trainee
E0099,Rahul Gupta,12,Pune,BENCH,Lead
E0100,Deepika Brown,20,Bangalore,ON_PROJECT,Architect
E0101,Sneha Jones,2,Delhi,BENCH,Trainee
E0102,Aditi Kumar,20,Delhi,BENCH,Architect
E0103,Elizabeth Patel,20,Bangalore,ON_PROJECT,Architect
E0104,Aditi Sen,6,Pune,ON_PROJECT,Senior Developer
E0105,Hari Iyer,3,Pune,ON_PROJECT,Developer
E0106,Ganesh Joshi,5,Bangalore,BENCH,Developer
E0107,Arjun Nair,13,Delhi,BENCH,Architect
E0108,Hari Pillai,18,Delhi,ON_PROJECT,Architect
E0109,Kavita Smith,8,Hyderabad,BENCH,Senior Developer
E0110,Patricia Reddy,6,Mumbai,BENCH,Senior Developer
E0111,Elizabeth Rao,7,Mumbai,ON_PROJECT,Senior Developer
E0112,Sanjay Jones,3,Delhi,ON_PROJECT,Developer
E0113,Hari Deshmukh,12,Mumbai,ON_PROJECT,Lead
E0114,Yash Iyer,20,Pune,ON_PROJECT,Architect
E0115,Patricia Jones,16,Hyderabad,ON_PROJECT,Architect
E0116,Rohan Garcia,20,Delhi,ON_PROJECT,Architect
E0117,Amit Williams,2,Mumbai,ON_PROJECT,Trainee
E0118,Divya Williams,12,Hyderabad,ON_PROJECT,Lead
E0119,Hari Bose,11,Pune,ON_PROJECT,Lead
E0120,Richard Sen,10,Mumbai,ON_PROJECT,Lead
E0121,Aditi Martinez,16,Hyderabad,BENCH,Architect
E0122,Nikhil Patel,19,Delhi,ON_PROJECT,Architect
E0123,Patricia Deshmukh,20,Pune,BENCH,Architect
E0124,Shreya Singh,15,Mumbai,ON_PROJECT,Architect
E0125,Rohan Bose,7,Delhi,BENCH,Senior Developer
E0126,Sneha Deshmukh,5,Hyderabad,ON_PROJECT,Developer
E0127,Jennifer Rao,18,Delhi,ON_PROJECT,Architect
E0128,Neha Patel,4,Pune,ON_PROJECT,Developer
E0129,Ananya Das,3,Delhi,ON_PROJECT,Developer
E0130,Rohan Pillai,2,Chennai,ON_PROJECT,Trainee
E0131,Rahul Joshi,4,Hyderabad,ON_PROJECT,Developer
E0132,Deepika Williams,4,Bangalore,BENCH,Developer
E0133,William Sen,19,Chennai,ON_PROJECT,Architect
E0134,Rohan Johnson,20,Bangalore,ON_PROJECT,Architect
E0135,Barbara Iyer,3,Mumbai,ON_PROJECT,Developer
E0136,Robert Jones,4,Delhi,ON_PROJECT,Developer
E0137,Linda Jones,10,Delhi,ON_PROJECT,Lead
E0138,Amit Nair,14,Bangalore,BENCH,Architect
E0139,Ganesh Singh,18,Pune,ON_PROJECT,Architect
E0140,Neha Mehta,15,Hyderabad,ON_PROJECT,Architect
E0141,Arjun Gupta,20,Chennai,ON_PROJECT,Architect
E0142,Hari Miller,10,Bangalore,BENCH,Lead
E0143,Rahul Patel,18,Mumbai,BENCH,Architect
E0144,Emily Brown,5,Hyderabad,ON_PROJECT,Developer
E0145,Yash Mehta,9,Bangalore,ON_PROJECT,Lead
E0146,Yash Choudhury,20,Mumbai,ON_PROJECT,Architect
E0147,Sanjay Das,1,Bangalore,BENCH,Trainee
E0148,Rohan Williams,15,Mumbai,ON_PROJECT,Architect
E0149,Shreya Brown,2,Mumbai,BENCH,Trainee
E0150,Elizabeth Prasad,8,Pune,ON_PROJECT,Senior Developer
E0151,Jennifer Garcia,6,Mumbai,BENCH,Senior Developer
E0152,Hari Prasad,8,Chennai,BENCH,Senior Developer
E0153,Aditi Sharma,18,Mumbai,ON_PROJECT,Architect
E0154,Divya Miller,5,Bangalore,ON_PROJECT,Developer
E0155,Deepika Reddy,2,Chennai,ON_PROJECT,Trainee
E0156,Elizabeth Iyer,4,Mumbai,BENCH,Developer
E0157,Shreya Sharma,7,Mumbai,ON_PROJECT,Senior Developer
E0158,Ananya Gupta,14,Bangalore,BENCH,Architect
E0159,Linda Williams,14,Bangalore,ON_PROJECT,Architect
E0160,Vikram Gupta,3,Chennai,BENCH,Developer
E0161,Divya Sharma,3,Hyderabad,ON_PROJECT,Developer
E0162,Kavita Kumar,9,Hyderabad,ON_PROJECT,Lead
E0163,Pooja Mehta,16,Mumbai,ON_PROJECT,Architect
E0164,Michael Prasad,20,Bangalore,ON_PROJECT,Architect
E0165,Yash Rao,13,Hyderabad,ON_PROJECT,Architect
E0166,Rohan Prasad,3,Pune,ON_PROJECT,Developer
E0167,Sarah Martinez,16,Mumbai,ON_PROJECT,Architect
E0168,Elizabeth Reddy,13,Hyderabad,BENCH,Architect
E0169,William Bose,17,Bangalore,ON_PROJECT,Architect
E0170,Sneha Nair,11,Pune,BENCH,Lead
E0171,Aditi Iyer,11,Delhi,ON_PROJECT,Lead
E0172,Alexander Reddy,6,Bangalore,ON_PROJECT,Senior Developer
E0173,Arjun Rodriguez,4,Mumbai,ON_PROJECT,Developer
E0174,Sneha Johnson,15,Mumbai,ON_PROJECT,Architect
E0175,Vikram Bose,5,Mumbai,ON_PROJECT,Developer
E0176,John Nair,5,Bangalore,ON_PROJECT,Developer
E0177,Emily Choudhury,16,Pune,BENCH,Architect
E0178,Kavita Deshmukh,15,Mumbai,BENCH,Architect
E0179,Jennifer Joshi,14,Chennai,BENCH,Architect
E0180,Meera Kulkarni,19,Delhi,ON_PROJECT,Architect
E0181,Rohan Nair,19,Hyderabad,BENCH,Architect
E0182,Nikhil Kumar,11,Bangalore,BENCH,Lead
E0183,Patricia Sen,9,Delhi,BENCH,Lead
E0184,Jennifer Williams,7,Pune,BENCH,Senior Developer
E0185,Divya Reddy,15,Chennai,ON_PROJECT,Architect
E0186,Deepika Reddy,12,Hyderabad,ON_PROJECT,Lead
E0187,Meera Garcia,3,Bangalore,ON_PROJECT,Developer
E0188,Yash Verma,4,Chennai,ON_PROJECT,Developer
E0189,Sarah Johnson,7,Delhi,BENCH,Senior Developer
E0190,Sneha Brown,11,Bangalore,ON_PROJECT,Lead
E0191,Meera Miller,20,Mumbai,ON_PROJECT,Architect
E0192,Barbara Verma,17,Chennai,BENCH,Architect
E0193,William Verma,1,Hyderabad,ON_PROJECT,Trainee
E0194,Deepika Reddy,18,Mumbai,ON_PROJECT,Architect
E0195,Sanjay Bose,14,Delhi,BENCH,Architect
E0196,Ganesh Sharma,5,Delhi,ON_PROJECT,Developer
E0197,Siddharth Kulkarni,14,Hyderabad,ON_PROJECT,Architect
E0198,Pooja Deshmukh,4,Mumbai,ON_PROJECT,Developer
E0199,Nikhil Patel,16,Hyderabad,ON_PROJECT,Architect
E0200,Arjun Rodriguez,12,Chennai,ON_PROJECT,Lead
E0201,Rohan Deshmukh,10,Hyderabad,ON_PROJECT,Lead
E0202,Madhav Sen,18,Bangalore,ON_PROJECT,Architect
E0203,Meera Miller,8,Pune,ON_PROJECT,Senior Developer
E0204,Robert Brown,12,Pune,BENCH,Lead
E0205,Michael Choudhury,5,Bangalore,ON_PROJECT,Developer
E0206,William Gupta,5,Chennai,ON_PROJECT,Developer
E0207,Kavita Kulkarni,10,Delhi,ON_PROJECT,Lead
E0208,Patricia Patel,10,Hyderabad,BENCH,Lead
E0209,Ganesh Sharma,2,Bangalore,ON_PROJECT,Trainee
E0210,Hari Verma,11,Chennai,ON_PROJECT,Lead
E0211,Sneha Joshi,6,Hyderabad,ON_PROJECT,Senior Developer
E0212,Rahul Williams,5,Pune,ON_PROJECT,Developer
E0213,Yash Rao,6,Chennai,ON_PROJECT,Senior Developer
E0214,Nikhil Choudhury,8,Hyderabad,ON_PROJECT,Senior Developer
E0215,Sneha Rodriguez,19,Bangalore,ON_PROJECT,Architect
E0216,Ananya Mehta,20,Bangalore,ON_PROJECT,Architect
E0217,Ishaan Rodriguez,5,Chennai,BENCH,Developer
E0218,Michael Kulkarni,16,Delhi,ON_PROJECT,Architect
E0219,Aarav Bose,19,Pune,BENCH,Architect
E0220,Siddharth Sen,3,Bangalore,ON_PROJECT,Developer
E0221,Arjun Johnson,9,Chennai,BENCH,Lead
E0222,Divya Prasad,16,Mumbai,ON_PROJECT,Architect
E0223,Pooja Gupta,3,Hyderabad,ON_PROJECT,Developer
E0224,Ananya Gupta,11,Bangalore,BENCH,Lead
E0225,Elizabeth Davis,16,Bangalore,ON_PROJECT,Architect
E0226,Aditi Joshi,6,Delhi,ON_PROJECT,Senior Developer
E0227,Jennifer Williams,6,Hyderabad,BENCH,Senior Developer
E0228,Ishaan Deshmukh,4,Chennai,ON_PROJECT,Developer
E0229,Deepika Williams,2,Mumbai,ON_PROJECT,Trainee
E0230,Amit Brown,3,Delhi,ON_PROJECT,Developer
E0231,Linda Williams,18,Hyderabad,BENCH,Architect
E0232,Rohan Iyer,18,Hyderabad,BENCH,Architect
E0233,Amit Williams,11,Delhi,ON_PROJECT,Lead
E0234,Sanjay Sen,15,Hyderabad,ON_PROJECT,Architect
E0235,Arjun Nair,17,Pune,ON_PROJECT,Architect
E0236,David Patel,12,Delhi,ON_PROJECT,Lead
E0237,John Martinez,15,Bangalore,BENCH,Architect
E0238,Aditi Williams,2,Bangalore,BENCH,Trainee
E0239,Hari Reddy,6,Mumbai,BENCH,Senior Developer
E0240,Sanjay Choudhury,17,Mumbai,ON_PROJECT,Architect
E0241,Divya Garcia,3,Hyderabad,BENCH,Developer
E0242,Barbara Williams,11,Delhi,ON_PROJECT,Lead
E0243,Siddharth Sen,8,Delhi,ON_PROJECT,Senior Developer
E0244,Linda Deshmukh,6,Delhi,BENCH,Senior Developer
E0245,Vikram Rao,19,Hyderabad,ON_PROJECT,Architect
E0246,Yash Miller,10,Pune,ON_PROJECT,Lead
E0247,John Smith,6,Hyderabad,ON_PROJECT,Senior Developer
E0248,John Kulkarni,3,Bangalore,ON_PROJECT,Developer
E0249,Shreya Deshmukh,17,Bangalore,ON_PROJECT,Architect
E0250,Patricia Rodriguez,10,Bangalore,ON_PROJECT,Lead
E0251,Siddharth Pillai,16,Hyderabad,BENCH,Architect
E0252,Aditi Rodriguez,17,Bangalore,ON_PROJECT,Architect
E0253,Ananya Bose,4,Pune,ON_PROJECT,Developer
E0254,Divya Choudhury,17,Hyderabad,ON_PROJECT,Architect
E0255,John Joshi,20,Bangalore,BENCH,Architect
E0256,Siddharth Mehta,1,Chennai,ON_PROJECT,Trainee
E0257,Neha Jones,10,Hyderabad,ON_PROJECT,Lead
E0258,Divya Iyer,2,Chennai,BENCH,Trainee
E0259,Ganesh Williams,13,Pune,ON_PROJECT,Architect
E0260,Emily Das,19,Pune,BENCH,Architect
E0261,Pooja Reddy,11,Chennai,BENCH,Lead
E0262,Sneha Choudhury,13,Bangalore,BENCH,Architect
E0263,Siddharth Rao,2,Mumbai,ON_PROJECT,Trainee
E0264,Aditi Gupta,13,Pune,ON_PROJECT,Architect
E0265,Ananya Prasad,8,Pune,ON_PROJECT,Senior Developer
E0266,Linda Miller,12,Delhi,ON_PROJECT,Lead
E0267,Madhav Gupta,13,Bangalore,ON_PROJECT,Architect
E0268,David Choudhury,19,Mumbai,ON_PROJECT,Architect
E0269,Yash Choudhury,20,Mumbai,BENCH,Architect
E0270,Barbara Bose,17,Hyderabad,BENCH,Architect
E0271,Ganesh Deshmukh,12,Mumbai,ON_PROJECT,Lead
E0272,Ananya Joshi,9,Bangalore,BENCH,Lead
E0273,Richard Iyer,18,Bangalore,BENCH,Architect
E0274,Madhav Martinez,15,Bangalore,BENCH,Architect
E0275,Patricia Gupta,13,Chennai,ON_PROJECT,Architect
E0276,Ishaan Das,11,Mumbai,ON_PROJECT,Lead
E0277,Robert Verma,17,Bangalore,ON_PROJECT,Architect
E0278,Linda Prasad,1,Chennai,ON_PROJECT,Trainee
E0279,Aditi Das,17,Hyderabad,ON_PROJECT,Architect
E0280,Jennifer Davis,1,Delhi,ON_PROJECT,Trainee
E0281,Siddharth Patel,3,Chennai,ON_PROJECT,Developer
E0282,Aditi Williams,4,Mumbai,ON_PROJECT,Developer
E0283,Rohan Kulkarni,10,Mumbai,ON_PROJECT,Lead
E0284,Sanjay Choudhury,12,Chennai,ON_PROJECT,Lead
E0285,Meera Brown,17,Bangalore,ON_PROJECT,Architect
E0286,Linda Jones,18,Chennai,ON_PROJECT,Architect
E0287,Hari Choudhury,8,Chennai,ON_PROJECT,Senior Developer
E0288,Shreya Brown,6,Chennai,ON_PROJECT,Senior Developer
E0289,Sarah Johnson,10,Pune,ON_PROJECT,Lead
E0290,Arjun Sen,3,Chennai,BENCH,Developer
E0291,Jennifer Pillai,18,Pune,ON_PROJECT,Architect
E0292,Vikram Miller,1,Delhi,ON_PROJECT,Trainee
E0293,Sneha Patel,8,Pune,ON_PROJECT,Senior Developer
E0294,Shreya Gupta,17,Delhi,BENCH,Architect
E0295,Yash Das,8,Mumbai,ON_PROJECT,Senior Developer
E0296,Arjun Miller,9,Bangalore,ON_PROJECT,Lead
E0297,Meera Rodriguez,6,Delhi,BENCH,Senior Developer
E0298,Elizabeth Kumar,2,Bangalore,ON_PROJECT,Trainee
E0299,James Singh,8,Pune,ON_PROJECT,Senior Developer
E0300,Neha Williams,13,Bangalore,ON_PROJECT,Architect
E0301,James Pillai,20,Mumbai,ON_PROJECT,Architect
E0302,Vikram Iyer,2,Delhi,ON_PROJECT,Trainee
E0303,James Deshmukh,8,Chennai,ON_PROJECT,Senior Developer
E0304,Emily Johnson,4,Bangalore,ON_PROJECT,Developer
E0305,Linda Kulkarni,18,Pune,ON_PROJECT,Architect
E0306,Divya Joshi,17,Pune,BENCH,Architect
E0307,James Das,20,Pune,ON_PROJECT,Architect
E0308,John Jones,1,Bangalore,BENCH,Trainee
E0309,Vikram Mehta,1,Bangalore,ON_PROJECT,Trainee
E0310,Deepika Davis,10,Delhi,BENCH,Lead
E0311,Patricia Gupta,18,Chennai,ON_PROJECT,Architect
E0312,David Choudhury,15,Mumbai,BENCH,Architect
E0313,Pooja Mehta,10,Chennai,ON_PROJECT,Lead
E0314,John Sen,7,Bangalore,BENCH,Senior Developer
E0315,Deepika Choudhury,16,Mumbai,ON_PROJECT,Architect
E0316,Patricia Rao,13,Bangalore,BENCH,Architect
E0317,David Gupta,17,Pune,ON_PROJECT,Architect
E0318,Kiran Davis,9,Bangalore,ON_PROJECT,Lead
E0319,Rahul Jones,6,Mumbai,ON_PROJECT,Senior Developer
E0320,Kiran Brown,16,Bangalore,BENCH,Architect
E0321,Pooja Garcia,4,Pune,BENCH,Developer
E0322,Barbara Joshi,19,Mumbai,ON_PROJECT,Architect
E0323,Richard Nair,15,Delhi,BENCH,Architect
E0324,Siddharth Mehta,11,Hyderabad,ON_PROJECT,Lead
E0325,Kiran Iyer,1,Bangalore,BENCH,Trainee
E0326,James Davis,2,Chennai,BENCH,Trainee
E0327,Nikhil Sen,10,Pune,ON_PROJECT,Lead
E0328,David Iyer,18,Hyderabad,ON_PROJECT,Architect
E0329,Jennifer Mehta,3,Pune,ON_PROJECT,Developer
E0330,John Deshmukh,16,Hyderabad,ON_PROJECT,Architect
E0331,Yash Prasad,13,Bangalore,ON_PROJECT,Architect
E0332,Ganesh Reddy,15,Mumbai,ON_PROJECT,Architect
E0333,Rohan Rao,5,Delhi,ON_PROJECT,Developer
E0334,Emily Nair,16,Hyderabad,ON_PROJECT,Architect
E0335,Jennifer Garcia,6,Bangalore,BENCH,Senior Developer
E0336,Divya Miller,7,Pune,ON_PROJECT,Senior Developer
E0337,Madhav Johnson,2,Delhi,ON_PROJECT,Trainee
E0338,Alexander Kulkarni,8,Chennai,BENCH,Senior Developer
E0339,Ananya Patel,12,Delhi,ON_PROJECT,Lead
E0340,Aditi Bose,13,Hyderabad,BENCH,Architect
E0341,Rahul Iyer,20,Mumbai,ON_PROJECT,Architect
E0342,Aditi Martinez,12,Mumbai,ON_PROJECT,Lead
E0343,Shreya Brown,11,Chennai,ON_PROJECT,Lead
E0344,John Joshi,4,Chennai,ON_PROJECT,Developer
E0345,John Das,3,Pune,BENCH,Developer
E0346,Sanjay Verma,7,Mumbai,ON_PROJECT,Senior Developer
E0347,Divya Deshmukh,19,Hyderabad,ON_PROJECT,Architect
E0348,Linda Smith,12,Pune,BENCH,Lead
E0349,Amit Nair,20,Chennai,ON_PROJECT,Architect
E0350,Amit Jones,12,Bangalore,ON_PROJECT,Lead
E0351,Arjun Sen,11,Pune,ON_PROJECT,Lead
E0352,Ananya Das,11,Hyderabad,BENCH,Lead
E0353,Shreya Davis,19,Bangalore,ON_PROJECT,Architect
E0354,Rohan Kulkarni,13,Bangalore,ON_PROJECT,Architect
E0355,Alexander Miller,14,Delhi,ON_PROJECT,Architect
E0356,Nikhil Verma,9,Pune,ON_PROJECT,Lead
E0357,Sanjay Singh,12,Mumbai,BENCH,Lead
E0358,Ganesh Sen,2,Bangalore,BENCH,Trainee
E0359,Aditi Smith,7,Delhi,ON_PROJECT,Senior Developer
E0360,Pooja Singh,2,Hyderabad,ON_PROJECT,Trainee
E0361,Rohan Iyer,13,Bangalore,BENCH,Architect
E0362,Patricia Jones,18,Delhi,ON_PROJECT,Architect
E0363,Sneha Johnson,10,Bangalore,BENCH,Lead
E0364,Deepika Sen,13,Mumbai,BENCH,Architect
E0365,Meera Reddy,5,Mumbai,ON_PROJECT,Developer
E0366,Shreya Verma,18,Mumbai,BENCH,Architect
E0367,Emily Brown,10,Pune,BENCH,Lead
E0368,Barbara Mehta,8,Delhi,ON_PROJECT,Senior Developer
E0369,John Garcia,5,Bangalore,ON_PROJECT,Developer
E0370,Kiran Das,15,Mumbai,ON_PROJECT,Architect
E0371,Richard Sen,19,Mumbai,ON_PROJECT,Architect
E0372,Linda Williams,17,Delhi,BENCH,Architect
E0373,Rohan Martinez,2,Delhi,ON_PROJECT,Trainee
E0374,Alexander Brown,11,Pune,ON_PROJECT,Lead
E0375,Ganesh Bose,15,Delhi,ON_PROJECT,Architect
E0376,Kiran Deshmukh,2,Pune,ON_PROJECT,Trainee
E0377,John Iyer,16,Mumbai,BENCH,Architect
E0378,Richard Reddy,18,Bangalore,ON_PROJECT,Architect
E0379,Deepika Patel,4,Pune,BENCH,Developer
E0380,Deepika Deshmukh,10,Hyderabad,ON_PROJECT,Lead
E0381,Robert Joshi,7,Mumbai,ON_PROJECT,Senior Developer
E0382,Richard Rodriguez,16,Mumbai,BENCH,Architect
E0383,David Reddy,4,Delhi,BENCH,Developer
E0384,Arjun Nair,10,Mumbai,ON_PROJECT,Lead
E0385,Madhav Smith,11,Delhi,ON_PROJECT,Lead
E0386,Linda Davis,1,Bangalore,ON_PROJECT,Trainee
E0387,Elizabeth Martinez,13,Bangalore,ON_PROJECT,Architect
E0388,Sarah Prasad,10,Bangalore,ON_PROJECT,Lead
E0389,James Pillai,17,Bangalore,ON_PROJECT,Architect
E0390,Robert Gupta,1,Hyderabad,BENCH,Trainee
E0391,Aditi Rodriguez,10,Delhi,BENCH,Lead
E0392,Kavita Rao,4,Chennai,BENCH,Developer
E0393,Elizabeth Mehta,6,Chennai,ON_PROJECT,Senior Developer
E0394,Yash Patel,3,Pune,ON_PROJECT,Developer
E0395,Deepika Prasad,15,Chennai,ON_PROJECT,Architect
E0396,John Sharma,3,Pune,ON_PROJECT,Developer
E0397,Linda Reddy,3,Hyderabad,ON_PROJECT,Developer
E0398,Michael Rodriguez,11,Mumbai,ON_PROJECT,Lead
E0399,Linda Gupta,15,Bangalore,ON_PROJECT,Architect
E0400,Hari Pillai,19,Delhi,BENCH,Architect
E0401,Shreya Nair,19,Delhi,ON_PROJECT,Architect
E0402,Linda Patel,1,Delhi,ON_PROJECT,Trainee
E0403,Yash Brown,18,Bangalore,ON_PROJECT,Architect
E0404,Aarav Verma,1,Bangalore,BENCH,Trainee
E0405,Linda Prasad,15,Pune,ON_PROJECT,Architect
E0406,Amit Patel,19,Pune,BENCH,Architect
E0407,David Miller,3,Mumbai,BENCH,Developer
E0408,Siddharth Davis,1,Pune,ON_PROJECT,Trainee
E0409,Ananya Reddy,16,Mumbai,ON_PROJECT,Architect
E0410,Rahul Rao,5,Mumbai,ON_PROJECT,Developer
E0411,Robert Iyer,2,Hyderabad,BENCH,Trainee
E0412,Elizabeth Sen,12,Chennai,ON_PROJECT,Lead
E0413,Yash Choudhury,13,Pune,ON_PROJECT,Architect
E0414,Michael Martinez,9,Hyderabad,ON_PROJECT,Lead
E0415,Kiran Smith,18,Chennai,ON_PROJECT,Architect
E0416,Neha Sen,10,Hyderabad,ON_PROJECT,Lead
E0417,Deepika Iyer,20,Bangalore,ON_PROJECT,Architect
E0418,Rahul Deshmukh,14,Delhi,BENCH,Architect
E0419,Ananya Rao,9,Bangalore,ON_PROJECT,Lead
E0420,Sarah Bose,9,Chennai,ON_PROJECT,Lead
E0421,Rahul Kumar,11,Pune,ON_PROJECT,Lead
E0422,Elizabeth Davis,12,Hyderabad,ON_PROJECT,Lead
E0423,Yash Choudhury,7,Hyderabad,ON_PROJECT,Senior Developer
E0424,Amit Joshi,1,Delhi,BENCH,Trainee
E0425,Siddharth Patel,11,Delhi,ON_PROJECT,Lead
E0426,Amit Sen,5,Pune,ON_PROJECT,Developer
E0427,Divya Jones,20,Bangalore,BENCH,Architect
E0428,Michael Smith,13,Hyderabad,ON_PROJECT,Architect
E0429,Rahul Kumar,14,Bangalore,ON_PROJECT,Architect
E0430,Aditi Pillai,16,Chennai,ON_PROJECT,Architect
E0431,Rahul Miller,15,Pune,ON_PROJECT,Architect
E0432,Aarav Davis,8,Bangalore,ON_PROJECT,Senior Developer
E0433,Madhav Gupta,5,Delhi,BENCH,Developer
E0434,Richard Kulkarni,15,Chennai,ON_PROJECT,Architect
E0435,Arjun Pillai,8,Delhi,ON_PROJECT,Senior Developer
E0436,Nikhil Sen,14,Bangalore,ON_PROJECT,Architect
E0437,Richard Jones,6,Pune,ON_PROJECT,Senior Developer
E0438,Hari Gupta,15,Pune,ON_PROJECT,Architect
E0439,Meera Rodriguez,16,Pune,ON_PROJECT,Architect
E0440,Amit Patel,16,Delhi,BENCH,Architect
E0441,Deepika Davis,1,Delhi,BENCH,Trainee
E0442,James Choudhury,10,Bangalore,BENCH,Lead
E0443,David Bose,1,Delhi,ON_PROJECT,Trainee
E0444,Richard Pillai,11,Delhi,BENCH,Lead
E0445,Linda Bose,7,Bangalore,BENCH,Senior Developer
E0446,Rahul Miller,14,Hyderabad,ON_PROJECT,Architect
E0447,Sarah Martinez,12,Delhi,BENCH,Lead
E0448,Kiran Nair,3,Chennai,ON_PROJECT,Developer
E0449,Jennifer Das,5,Pune,ON_PROJECT,Developer
E0450,Shreya Garcia,19,Delhi,ON_PROJECT,Architect
E0451,Ishaan Johnson,10,Pune,BENCH,Lead
E0452,Ganesh Patel,11,Mumbai,ON_PROJECT,Lead
E0453,Jennifer Nair,4,Chennai,ON_PROJECT,Developer
E0454,Elizabeth Choudhury,5,Mumbai,BENCH,Developer
E0455,Richard Prasad,8,Pune,ON_PROJECT,Senior Developer
E0456,Deepika Miller,13,Bangalore,ON_PROJECT,Architect
E0457,Vikram Sharma,10,Hyderabad,ON_PROJECT,Lead
E0458,William Martinez,3,Bangalore,ON_PROJECT,Developer
E0459,Kiran Davis,15,Delhi,ON_PROJECT,Architect
E0460,William Nair,16,Mumbai,BENCH,Architect
E0461,Emily Singh,16,Delhi,ON_PROJECT,Architect
E0462,Elizabeth Brown,9,Delhi,ON_PROJECT,Lead
E0463,Ishaan Smith,15,Delhi,ON_PROJECT,Architect
E0464,Patricia Joshi,6,Chennai,ON_PROJECT,Senior Developer
E0465,Ishaan Sharma,5,Mumbai,ON_PROJECT,Developer
E0466,Linda Martinez,17,Mumbai,BENCH,Architect
E0467,Aditi Garcia,12,Hyderabad,ON_PROJECT,Lead
E0468,Neha Kumar,5,Delhi,ON_PROJECT,Developer
E0469,James Deshmukh,14,Chennai,ON_PROJECT,Architect
E0470,Amit Verma,10,Delhi,ON_PROJECT,Lead
E0471,Ishaan Iyer,9,Mumbai,ON_PROJECT,Lead
E0472,Robert Joshi,7,Hyderabad,ON_PROJECT,Senior Developer
E0473,Divya Singh,12,Pune,ON_PROJECT,Lead
E0474,John Deshmukh,12,Delhi,ON_PROJECT,Lead
E0475,Sarah Mehta,18,Pune,ON_PROJECT,Architect
E0476,Sarah Miller,3,Chennai,ON_PROJECT,Developer
E0477,Ganesh Mehta,14,Delhi,ON_PROJECT,Architect
E0478,Pooja Garcia,16,Bangalore,ON_PROJECT,Architect
E0479,Yash Martinez,11,Bangalore,ON_PROJECT,Lead
E0480,Jennifer Smith,18,Mumbai,ON_PROJECT,Architect
E0481,Amit Singh,18,Delhi,BENCH,Architect
E0482,Linda Choudhury,18,Mumbai,ON_PROJECT,Architect
E0483,Rohan Smith,2,Chennai,ON_PROJECT,Trainee
E0484,Emily Johnson,2,Delhi,ON_PROJECT,Trainee
E0485,Kavita Sharma,18,Hyderabad,ON_PROJECT,Architect
E0486,Shreya Rodriguez,4,Pune,ON_PROJECT,Developer
E0487,Madhav Garcia,3,Mumbai,ON_PROJECT,Developer
E0488,Rahul Verma,19,Mumbai,ON_PROJECT,Architect
E0489,Alexander Rao,20,Mumbai,ON_PROJECT,Architect
E0490,Elizabeth Sen,2,Mumbai,ON_PROJECT,Trainee
E0491,Rahul Prasad,10,Delhi,ON_PROJECT,Lead
E0492,Sanjay Jones,16,Mumbai,BENCH,Architect
E0493,Amit Sen,16,Chennai,ON_PROJECT,Architect
E0494,Alexander Prasad,5,Bangalore,ON_PROJECT,Developer
E0495,Shreya Smith,19,Delhi,ON_PROJECT,Architect
E0496,Rahul Jones,14,Hyderabad,BENCH,Architect
E0497,James Choudhury,8,Hyderabad,BENCH,Senior Developer
E0498,Pooja Davis,13,Hyderabad,ON_PROJECT,Architect
E0499,Sanjay Joshi,6,Pune,ON_PROJECT,Senior Developer
E0500,Pooja Miller,3,Hyderabad,ON_PROJECT,Developer
E0501,Shreya Rodriguez,3,Chennai,ON_PROJECT,Developer
E0502,Rohan Joshi,3,Pune,ON_PROJECT,Developer
E0503,Kavita Patel,13,Mumbai,ON_PROJECT,Architect
E0504,David Prasad,16,Chennai,ON_PROJECT,Architect
E0505,Rohan Sen,7,Pune,ON_PROJECT,Senior Developer
E0506,William Choudhury,15,Chennai,ON_PROJECT,Architect
E0507,Linda Patel,2,Hyderabad,BENCH,Trainee
E0508,William Singh,9,Bangalore,ON_PROJECT,Lead
E0509,John Iyer,9,Delhi,ON_PROJECT,Lead
E0510,Ananya Joshi,5,Chennai,ON_PROJECT,Developer
E0511,John Patel,15,Hyderabad,BENCH,Architect
E0512,Patricia Prasad,9,Mumbai,BENCH,Lead
E0513,John Choudhury,4,Hyderabad,ON_PROJECT,Developer
E0514,Deepika Jones,16,Pune,ON_PROJECT,Architect
E0515,Ananya Kulkarni,10,Hyderabad,BENCH,Lead
E0516,Nikhil Deshmukh,13,Chennai,ON_PROJECT,Architect
E0517,John Kulkarni,14,Delhi,BENCH,Architect
E0518,James Rao,19,Mumbai,ON_PROJECT,Architect
E0519,Ishaan Das,16,Mumbai,ON_PROJECT,Architect
E0520,Sanjay Prasad,8,Mumbai,ON_PROJECT,Senior Developer
E0521,Divya Jones,19,Hyderabad,ON_PROJECT,Architect
E0522,Alexander Patel,3,Pune,BENCH,Developer
E0523,Deepika Sen,20,Hyderabad,BENCH,Architect
E0524,Ganesh Sharma,6,Delhi,ON_PROJECT,Senior Developer
E0525,Madhav Gupta,1,Delhi,BENCH,Trainee
E0526,Jennifer Joshi,3,Hyderabad,BENCH,Developer
E0527,Sarah Garcia,16,Chennai,BENCH,Architect
E0528,Michael Brown,16,Delhi,ON_PROJECT,Architect
E0529,Linda Verma,9,Delhi,ON_PROJECT,Lead
E0530,Madhav Garcia,12,Pune,ON_PROJECT,Lead
E0531,James Kulkarni,6,Mumbai,ON_PROJECT,Senior Developer
E0532,Divya Kulkarni,14,Pune,ON_PROJECT,Architect
E0533,Arjun Smith,14,Chennai,ON_PROJECT,Architect
E0534,Ishaan Iyer,17,Mumbai,ON_PROJECT,Architect
E0535,Linda Patel,17,Chennai,ON_PROJECT,Architect
E0536,Divya Kumar,12,Hyderabad,BENCH,Lead
E0537,Patricia Singh,3,Hyderabad,ON_PROJECT,Developer
E0538,David Iyer,17,Delhi,ON_PROJECT,Architect
E0539,Siddharth Smith,13,Bangalore,ON_PROJECT,Architect
E0540,Aarav Prasad,9,Mumbai,ON_PROJECT,Lead
E0541,Deepika Patel,18,Hyderabad,ON_PROJECT,Architect
E0542,Kavita Sharma,1,Mumbai,ON_PROJECT,Trainee
E0543,Patricia Johnson,4,Chennai,BENCH,Developer
E0544,William Rodriguez,18,Mumbai,ON_PROJECT,Architect
E0545,Vikram Jones,4,Bangalore,BENCH,Developer
E0546,William Davis,17,Pune,BENCH,Architect
E0547,David Kumar,17,Mumbai,ON_PROJECT,Architect
E0548,Ganesh Gupta,12,Mumbai,ON_PROJECT,Lead
E0549,Ishaan Kulkarni,19,Pune,ON_PROJECT,Architect
E0550,Arjun Iyer,2,Pune,ON_PROJECT,Trainee
E0551,Sarah Choudhury,15,Bangalore,BENCH,Architect
E0552,Kavita Bose,1,Mumbai,ON_PROJECT,Trainee
E0553,James Miller,1,Chennai,ON_PROJECT,Trainee
E0554,Alexander Rodriguez,2,Pune,BENCH,Trainee
E0555,Yash Rao,3,Chennai,BENCH,Developer
E0556,Emily Choudhury,6,Chennai,ON_PROJECT,Senior Developer
E0557,Yash Prasad,4,Chennai,ON_PROJECT,Developer
E0558,Arjun Garcia,1,Pune,ON_PROJECT,Trainee
E0559,Sanjay Rodriguez,14,Pune,ON_PROJECT,Architect
E0560,Aarav Prasad,15,Mumbai,ON_PROJECT,Architect
E0561,William Prasad,17,Hyderabad,ON_PROJECT,Architect
E0562,Meera Martinez,17,Hyderabad,BENCH,Architect
E0563,Aditi Das,5,Delhi,BENCH,Developer
E0564,Ganesh Johnson,13,Mumbai,ON_PROJECT,Architect
E0565,Aditi Deshmukh,9,Delhi,BENCH,Lead
E0566,John Pillai,20,Bangalore,ON_PROJECT,Architect
E0567,William Kumar,3,Bangalore,ON_PROJECT,Developer
E0568,Aarav Brown,2,Hyderabad,ON_PROJECT,Trainee
E0569,Ananya Rao,14,Mumbai,ON_PROJECT,Architect
E0570,Michael Verma,8,Bangalore,ON_PROJECT,Senior Developer
E0571,Divya Garcia,8,Hyderabad,BENCH,Senior Developer
E0572,Ananya Das,2,Pune,ON_PROJECT,Trainee
E0573,Ananya Davis,2,Hyderabad,BENCH,Trainee
E0574,David Miller,11,Mumbai,ON_PROJECT,Lead
E0575,Sneha Brown,16,Delhi,ON_PROJECT,Architect
E0576,William Brown,17,Delhi,BENCH,Architect
E0577,Robert Rodriguez,5,Chennai,ON_PROJECT,Developer
E0578,Madhav Choudhury,16,Delhi,ON_PROJECT,Architect
E0579,Neha Das,1,Delhi,ON_PROJECT,Trainee
E0580,Kiran Prasad,1,Hyderabad,ON_PROJECT,Trainee
E0581,Aditi Joshi,7,Hyderabad,ON_PROJECT,Senior Developer
E0582,Pooja Das,4,Chennai,BENCH,Developer
E0583,Vikram Choudhury,6,Mumbai,BENCH,Senior Developer
E0584,Barbara Brown,8,Chennai,BENCH,Senior Developer
E0585,Meera Sen,3,Pune,BENCH,Developer
E0586,Kiran Smith,12,Mumbai,ON_PROJECT,Lead
E0587,Meera Nair,14,Pune,ON_PROJECT,Architect
E0588,Neha Rodriguez,2,Pune,ON_PROJECT,Trainee
E0589,Kiran Jones,8,Hyderabad,ON_PROJECT,Senior Developer
E0590,Ganesh Verma,12,Chennai,ON_PROJECT,Lead
E0591,Sanjay Nair,12,Pune,BENCH,Lead
E0592,Meera Garcia,8,Mumbai,ON_PROJECT,Senior Developer
E0593,Sarah Iyer,18,Chennai,ON_PROJECT,Architect
E0594,Jennifer Nair,11,Mumbai,ON_PROJECT,Lead
E0595,Meera Williams,3,Mumbai,ON_PROJECT,Developer
E0596,Barbara Garcia,1,Bangalore,ON_PROJECT,Trainee
E0597,Shreya Iyer,14,Pune,ON_PROJECT,Architect
E0598,Meera Nair,14,Delhi,ON_PROJECT,Architect
E0599,Aarav Kumar,15,Chennai,BENCH,Architect
E0600,Sneha Bose,10,Pune,ON_PROJECT,Lead
E0601,Alexander Bose,2,Bangalore,BENCH,Trainee
E0602,Linda Gupta,12,Chennai,BENCH,Lead
E0603,Aditi Verma,15,Pune,ON_PROJECT,Architect
E0604,John Jones,3,Chennai,ON_PROJECT,Developer
E0605,Ganesh Davis,13,Bangalore,ON_PROJECT,Architect
E0606,Ananya Prasad,17,Delhi,ON_PROJECT,Architect
E0607,Madhav Das,8,Hyderabad,BENCH,Senior Developer
E0608,Madhav Choudhury,3,Bangalore,BENCH,Developer
E0609,Shreya Smith,18,Delhi,ON_PROJECT,Architect
E0610,Divya Johnson,11,Bangalore,ON_PROJECT,Lead
E0611,Arjun Pillai,7,Pune,ON_PROJECT,Senior Developer
E0612,Kiran Reddy,11,Delhi,ON_PROJECT,Lead
E0613,Richard Deshmukh,4,Hyderabad,ON_PROJECT,Developer
E0614,Nikhil Das,20,Pune,BENCH,Architect
E0615,Siddharth Smith,8,Bangalore,ON_PROJECT,Senior Developer
E0616,Arjun Joshi,2,Delhi,BENCH,Trainee
E0617,Sanjay Singh,7,Bangalore,ON_PROJECT,Senior Developer
E0618,Alexander Williams,6,Pune,ON_PROJECT,Senior Developer
E0619,Linda Sen,6,Hyderabad,ON_PROJECT,Senior Developer
E0620,Madhav Kumar,7,Chennai,ON_PROJECT,Senior Developer
E0621,Emily Pillai,2,Chennai,ON_PROJECT,Trainee
E0622,Yash Das,14,Delhi,ON_PROJECT,Architect
E0623,Aarav Gupta,3,Delhi,BENCH,Developer
E0624,Emily Deshmukh,3,Chennai,ON_PROJECT,Developer
E0625,Arjun Deshmukh,14,Mumbai,ON_PROJECT,Architect
E0626,John Singh,17,Chennai,ON_PROJECT,Architect
E0627,Emily Jones,20,Chennai,BENCH,Architect
E0628,James Garcia,4,Chennai,ON_PROJECT,Developer
E0629,Yash Martinez,17,Hyderabad,BENCH,Architect
E0630,Sneha Iyer,11,Chennai,ON_PROJECT,Lead
E0631,Patricia Brown,7,Chennai,BENCH,Senior Developer
E0632,Sneha Brown,16,Delhi,BENCH,Architect
E0633,Hari Garcia,3,Hyderabad,BENCH,Developer
E0634,Divya Brown,1,Bangalore,BENCH,Trainee
E0635,Neha Das,19,Mumbai,ON_PROJECT,Architect
E0636,Deepika Gupta,3,Hyderabad,BENCH,Developer
E0637,Sanjay Patel,19,Mumbai,ON_PROJECT,Architect
E0638,Shreya Kumar,10,Bangalore,ON_PROJECT,Lead
E0639,Elizabeth Garcia,7,Pune,ON_PROJECT,Senior Developer
E0640,Alexander Nair,6,Chennai,ON_PROJECT,Senior Developer
E0641,Linda Williams,4,Bangalore,ON_PROJECT,Developer
E0642,James Nair,5,Bangalore,ON_PROJECT,Developer
E0643,Divya Johnson,16,Bangalore,BENCH,Architect
E0644,Ganesh Mehta,13,Pune,ON_PROJECT,Architect
E0645,Ganesh Gupta,3,Chennai,ON_PROJECT,Developer
E0646,Yash Garcia,14,Hyderabad,ON_PROJECT,Architect
E0647,Arjun Miller,19,Mumbai,BENCH,Architect
E0648,Shreya Gupta,2,Bangalore,ON_PROJECT,Trainee
E0649,Patricia Nair,12,Mumbai,ON_PROJECT,Lead
E0650,Elizabeth Garcia,11,Mumbai,BENCH,Lead
E0651,Madhav Kumar,10,Bangalore,BENCH,Lead
E0652,Pooja Williams,6,Pune,ON_PROJECT,Senior Developer
E0653,Elizabeth Choudhury,17,Mumbai,ON_PROJECT,Architect
E0654,Ganesh Davis,4,Delhi,ON_PROJECT,Developer
E0655,Rahul Sharma,4,Pune,BENCH,Developer
E0656,Robert Johnson,19,Hyderabad,ON_PROJECT,Architect
E0657,Jennifer Davis,20,Pune,ON_PROJECT,Architect
E0658,Yash Rodriguez,9,Chennai,BENCH,Lead
E0659,Robert Bose,8,Hyderabad,ON_PROJECT,Senior Developer
E0660,Nikhil Verma,6,Mumbai,ON_PROJECT,Senior Developer
E0661,Alexander Sharma,20,Bangalore,BENCH,Architect
E0662,Kavita Choudhury,17,Bangalore,ON_PROJECT,Architect
E0663,Nikhil Prasad,18,Chennai,ON_PROJECT,Architect
E0664,Richard Iyer,16,Chennai,ON_PROJECT,Architect
E0665,Divya Brown,16,Bangalore,ON_PROJECT,Architect
E0666,Neha Garcia,13,Hyderabad,ON_PROJECT,Architect
E0667,Madhav Gupta,7,Hyderabad,ON_PROJECT,Senior Developer
E0668,Hari Smith,13,Mumbai,BENCH,Architect
E0669,Siddharth Brown,20,Delhi,ON_PROJECT,Architect
E0670,Nikhil Rao,4,Hyderabad,BENCH,Developer
E0671,William Reddy,5,Bangalore,ON_PROJECT,Developer
E0672,Yash Brown,17,Hyderabad,BENCH,Architect
E0673,Rahul Johnson,9,Hyderabad,BENCH,Lead
E0674,Shreya Joshi,10,Pune,ON_PROJECT,Lead
E0675,Divya Choudhury,1,Delhi,ON_PROJECT,Trainee
E0676,Deepika Pillai,4,Bangalore,ON_PROJECT,Developer
E0677,Jennifer Martinez,11,Hyderabad,BENCH,Lead
E0678,Linda Johnson,12,Pune,ON_PROJECT,Lead
E0679,Barbara Rao,5,Hyderabad,ON_PROJECT,Developer
E0680,Sarah Deshmukh,17,Pune,ON_PROJECT,Architect
E0681,Patricia Jones,17,Delhi,BENCH,Architect
E0682,Amit Davis,8,Hyderabad,ON_PROJECT,Senior Developer
E0683,Aarav Reddy,12,Delhi,ON_PROJECT,Lead
E0684,Aarav Prasad,12,Bangalore,BENCH,Lead
E0685,Neha Smith,9,Bangalore,ON_PROJECT,Lead
E0686,Kiran Jones,6,Bangalore,ON_PROJECT,Senior Developer
E0687,Ishaan Verma,14,Bangalore,ON_PROJECT,Architect
E0688,Hari Mehta,3,Hyderabad,ON_PROJECT,Developer
E0689,James Deshmukh,19,Pune,BENCH,Architect
E0690,Amit Gupta,18,Hyderabad,ON_PROJECT,Architect
E0691,Ganesh Garcia,6,Chennai,ON_PROJECT,Senior Developer
E0692,Robert Smith,20,Bangalore,ON_PROJECT,Architect
E0693,Pooja Kulkarni,3,Chennai,BENCH,Developer
E0694,Elizabeth Brown,9,Bangalore,ON_PROJECT,Lead
E0695,Hari Kulkarni,8,Pune,ON_PROJECT,Senior Developer
E0696,Nikhil Johnson,1,Bangalore,BENCH,Trainee
E0697,Rohan Jones,5,Mumbai,BENCH,Developer
E0698,Michael Johnson,2,Delhi,ON_PROJECT,Trainee
E0699,Ishaan Verma,8,Chennai,ON_PROJECT,Senior Developer
E0700,Ganesh Kumar,2,Delhi,ON_PROJECT,Trainee
E0701,Michael Das,6,Hyderabad,BENCH,Senior Developer
E0702,Shreya Reddy,13,Pune,ON_PROJECT,Architect
E0703,Barbara Deshmukh,11,Chennai,ON_PROJECT,Lead
E0704,Madhav Davis,7,Delhi,BENCH,Senior Developer
E0705,Aarav Johnson,10,Pune,ON_PROJECT,Lead
E0706,William Kulkarni,13,Pune,ON_PROJECT,Architect
E0707,Neha Pillai,7,Delhi,ON_PROJECT,Senior Developer
E0708,Richard Iyer,14,Chennai,BENCH,Architect
E0709,Sanjay Davis,3,Pune,ON_PROJECT,Developer
E0710,Kiran Bose,15,Hyderabad,BENCH,Architect
E0711,Emily Iyer,20,Delhi,ON_PROJECT,Architect
E0712,Linda Sharma,5,Chennai,ON_PROJECT,Developer
E0713,David Jones,18,Pune,ON_PROJECT,Architect
E0714,Siddharth Martinez,16,Bangalore,BENCH,Architect
E0715,Barbara Deshmukh,13,Chennai,BENCH,Architect
E0716,Kiran Verma,5,Chennai,ON_PROJECT,Developer
E0717,Deepika Pillai,14,Hyderabad,BENCH,Architect
E0718,Sneha Das,19,Pune,BENCH,Architect
E0719,David Das,5,Pune,BENCH,Developer
E0720,William Gupta,2,Bangalore,BENCH,Trainee
E0721,Vikram Sharma,10,Hyderabad,ON_PROJECT,Lead
E0722,Ganesh Das,6,Pune,ON_PROJECT,Senior Developer
E0723,Deepika Kulkarni,4,Chennai,ON_PROJECT,Developer
E0724,Neha Deshmukh,15,Mumbai,ON_PROJECT,Architect
E0725,Neha Miller,10,Hyderabad,BENCH,Lead
E0726,Robert Prasad,20,Hyderabad,ON_PROJECT,Architect
E0727,Kiran Williams,11,Mumbai,ON_PROJECT,Lead
E0728,Linda Singh,11,Bangalore,ON_PROJECT,Lead
E0729,Aditi Sen,5,Pune,ON_PROJECT,Developer
E0730,Pooja Choudhury,2,Hyderabad,ON_PROJECT,Trainee
E0731,Divya Kumar,10,Hyderabad,BENCH,Lead
E0732,Aditi Brown,3,Pune,BENCH,Developer
E0733,Sanjay Sharma,6,Delhi,ON_PROJECT,Senior Developer
E0734,Robert Sen,9,Chennai,ON_PROJECT,Lead
E0735,Aditi Smith,5,Bangalore,ON_PROJECT,Developer
E0736,David Sen,16,Pune,ON_PROJECT,Architect
E0737,John Brown,15,Pune,ON_PROJECT,Architect
E0738,Sarah Singh,2,Mumbai,ON_PROJECT,Trainee
E0739,Michael Kulkarni,6,Hyderabad,ON_PROJECT,Senior Developer
E0740,Meera Jones,19,Hyderabad,BENCH,Architect
E0741,Linda Rao,20,Delhi,ON_PROJECT,Architect
E0742,Rahul Brown,4,Chennai,ON_PROJECT,Developer
E0743,Hari Prasad,13,Chennai,BENCH,Architect
E0744,Sanjay Rao,11,Hyderabad,ON_PROJECT,Lead
E0745,Aditi Mehta,2,Chennai,ON_PROJECT,Trainee
E0746,Ananya Rao,2,Chennai,ON_PROJECT,Trainee
E0747,Ganesh Kumar,11,Bangalore,BENCH,Lead
E0748,Deepika Rao,10,Delhi,ON_PROJECT,Lead
E0749,Madhav Garcia,4,Hyderabad,ON_PROJECT,Developer
E0750,Vikram Williams,15,Mumbai,ON_PROJECT,Architect
E0751,David Pillai,4,Delhi,ON_PROJECT,Developer
E0752,Pooja Gupta,18,Chennai,ON_PROJECT,Architect
E0753,Divya Patel,13,Delhi,BENCH,Architect
E0754,Robert Brown,4,Delhi,ON_PROJECT,Developer
E0755,Nikhil Verma,18,Chennai,ON_PROJECT,Architect
E0756,Divya Singh,17,Delhi,ON_PROJECT,Architect
E0757,Aarav Choudhury,16,Pune,ON_PROJECT,Architect
E0758,John Iyer,8,Pune,ON_PROJECT,Senior Developer
E0759,Divya Nair,11,Pune,ON_PROJECT,Lead
E0760,Robert Deshmukh,20,Pune,ON_PROJECT,Architect
E0761,John Sharma,8,Mumbai,BENCH,Senior Developer
E0762,Robert Singh,9,Delhi,ON_PROJECT,Lead
E0763,Michael Kulkarni,15,Mumbai,BENCH,Architect
E0764,Sanjay Garcia,10,Chennai,BENCH,Lead
E0765,Sanjay Sharma,14,Hyderabad,ON_PROJECT,Architect
E0766,Deepika Bose,9,Bangalore,BENCH,Lead
E0767,Yash Brown,13,Chennai,BENCH,Architect
E0768,Emily Davis,7,Hyderabad,ON_PROJECT,Senior Developer
E0769,David Johnson,14,Pune,ON_PROJECT,Architect
E0770,Nikhil Rodriguez,17,Hyderabad,ON_PROJECT,Architect
E0771,Ananya Verma,2,Hyderabad,BENCH,Trainee
E0772,William Choudhury,17,Delhi,BENCH,Architect
E0773,Aarav Kulkarni,16,Mumbai,ON_PROJECT,Architect
E0774,Nikhil Joshi,4,Pune,ON_PROJECT,Developer
E0775,Richard Gupta,14,Bangalore,ON_PROJECT,Architect
E0776,Divya Rodriguez,16,Hyderabad,ON_PROJECT,Architect
E0777,Elizabeth Williams,1,Mumbai,ON_PROJECT,Trainee
E0778,Sneha Pillai,17,Pune,ON_PROJECT,Architect
E0779,James Williams,16,Mumbai,ON_PROJECT,Architect
E0780,Kavita Mehta,4,Delhi,ON_PROJECT,Developer
E0781,Ganesh Patel,3,Pune,BENCH,Developer
E0782,Elizabeth Davis,7,Bangalore,ON_PROJECT,Senior Developer
E0783,Amit Kulkarni,5,Chennai,ON_PROJECT,Developer
E0784,Sneha Martinez,18,Bangalore,BENCH,Architect
E0785,Barbara Davis,11,Chennai,ON_PROJECT,Lead
E0786,Robert Das,20,Mumbai,ON_PROJECT,Architect
E0787,Emily Rao,7,Hyderabad,BENCH,Senior Developer
E0788,John Verma,19,Mumbai,BENCH,Architect
E0789,Hari Rao,2,Chennai,ON_PROJECT,Trainee
E0790,Madhav Davis,20,Pune,ON_PROJECT,Architect
E0791,Michael Bose,14,Mumbai,ON_PROJECT,Architect
E0792,Neha Brown,18,Mumbai,ON_PROJECT,Architect
E0793,Sarah Singh,10,Chennai,ON_PROJECT,Lead
E0794,Jennifer Joshi,16,Delhi,BENCH,Architect
E0795,Ananya Johnson,14,Delhi,BENCH,Architect
E0796,Vikram Sen,5,Chennai,BENCH,Developer
E0797,Ananya Rao,20,Pune,ON_PROJECT,Architect
E0798,Jennifer Deshmukh,12,Chennai,BENCH,Lead
E0799,Divya Davis,13,Delhi,BENCH,Architect
E0800,Aarav Rao,9,Chennai,BENCH,Lead
E0801,Sanjay Rodriguez,11,Hyderabad,BENCH,Lead
E0802,Emily Patel,19,Chennai,ON_PROJECT,Architect
E0803,Kiran Kumar,20,Delhi,ON_PROJECT,Architect
E0804,Pooja Sharma,12,Mumbai,BENCH,Lead
E0805,Shreya Rodriguez,12,Delhi,ON_PROJECT,Lead
E0806,Richard Sharma,6,Hyderabad,ON_PROJECT,Senior Developer
E0807,Yash Prasad,19,Chennai,ON_PROJECT,Architect
E0808,Robert Kulkarni,2,Mumbai,ON_PROJECT,Trainee
E0809,Shreya Sen,4,Delhi,ON_PROJECT,Developer
E0810,Neha Rodriguez,5,Mumbai,ON_PROJECT,Developer
E0811,Elizabeth Garcia,7,Bangalore,BENCH,Senior Developer
E0812,Amit Prasad,14,Chennai,ON_PROJECT,Architect
E0813,Rohan Gupta,11,Hyderabad,ON_PROJECT,Lead
E0814,James Bose,5,Delhi,ON_PROJECT,Developer
E0815,Sarah Singh,17,Delhi,ON_PROJECT,Architect
E0816,Shreya Williams,11,Bangalore,BENCH,Lead
E0817,Rohan Singh,4,Hyderabad,ON_PROJECT,Developer
E0818,Meera Davis,17,Bangalore,ON_PROJECT,Architect
E0819,Meera Nair,19,Pune,BENCH,Architect
E0820,Pooja Verma,5,Hyderabad,BENCH,Developer
E0821,Kavita Miller,11,Hyderabad,ON_PROJECT,Lead
E0822,Aarav Mehta,5,Mumbai,ON_PROJECT,Developer
E0823,Rohan Kumar,7,Delhi,BENCH,Senior Developer
E0824,Pooja Martinez,13,Delhi,ON_PROJECT,Architect
E0825,Barbara Johnson,18,Pune,ON_PROJECT,Architect
E0826,David Smith,4,Hyderabad,ON_PROJECT,Developer
E0827,Emily Patel,18,Hyderabad,ON_PROJECT,Architect
E0828,Amit Nair,15,Pune,ON_PROJECT,Architect
E0829,Deepika Deshmukh,11,Hyderabad,BENCH,Lead
E0830,Neha Nair,6,Hyderabad,ON_PROJECT,Senior Developer
E0831,Patricia Williams,16,Chennai,ON_PROJECT,Architect
E0832,Rahul Iyer,3,Chennai,ON_PROJECT,Developer
E0833,Sanjay Rao,15,Bangalore,ON_PROJECT,Architect
E0834,Yash Sharma,16,Delhi,ON_PROJECT,Architect
E0835,Vikram Garcia,19,Chennai,ON_PROJECT,Architect
E0836,Alexander Martinez,16,Mumbai,BENCH,Architect
E0837,Shreya Bose,19,Mumbai,ON_PROJECT,Architect
E0838,James Miller,18,Delhi,BENCH,Architect
E0839,Kavita Miller,4,Bangalore,ON_PROJECT,Developer
E0840,Alexander Sharma,10,Chennai,ON_PROJECT,Lead
E0841,Richard Bose,12,Mumbai,ON_PROJECT,Lead
E0842,James Verma,1,Hyderabad,BENCH,Trainee
E0843,Sneha Reddy,18,Bangalore,ON_PROJECT,Architect
E0844,Pooja Davis,18,Delhi,ON_PROJECT,Architect
E0845,Pooja Rodriguez,4,Bangalore,BENCH,Developer
E0846,Deepika Das,20,Bangalore,ON_PROJECT,Architect
E0847,Nikhil Davis,13,Pune,BENCH,Architect
E0848,Linda Jones,16,Delhi,BENCH,Architect
E0849,Michael Joshi,20,Mumbai,BENCH,Architect
E0850,Vikram Miller,7,Chennai,ON_PROJECT,Senior Developer
E0851,James Williams,2,Delhi,BENCH,Trainee
E0852,Vikram Sharma,20,Delhi,ON_PROJECT,Architect
E0853,Ananya Smith,4,Mumbai,ON_PROJECT,Developer
E0854,Emily Prasad,2,Chennai,ON_PROJECT,Trainee
E0855,Kiran Reddy,1,Hyderabad,ON_PROJECT,Trainee
E0856,William Reddy,1,Bangalore,BENCH,Trainee
E0857,Ananya Williams,10,Bangalore,ON_PROJECT,Lead
E0858,Pooja Verma,16,Hyderabad,ON_PROJECT,Architect
E0859,Sneha Reddy,10,Bangalore,ON_PROJECT,Lead
E0860,Robert Choudhury,6,Pune,ON_PROJECT,Senior Developer
E0861,Emily Garcia,11,Hyderabad,ON_PROJECT,Lead
E0862,Richard Jones,19,Mumbai,ON_PROJECT,Architect
E0863,Patricia Gupta,14,Pune,BENCH,Architect
E0864,Siddharth Kulkarni,2,Chennai,ON_PROJECT,Trainee
E0865,Madhav Pillai,6,Hyderabad,ON_PROJECT,Senior Developer
E0866,Aarav Garcia,6,Hyderabad,ON_PROJECT,Senior Developer
E0867,Hari Williams,11,Hyderabad,BENCH,Lead
E0868,Barbara Singh,8,Hyderabad,ON_PROJECT,Senior Developer
E0869,Madhav Patel,7,Hyderabad,ON_PROJECT,Senior Developer
E0870,Emily Singh,6,Pune,ON_PROJECT,Senior Developer
E0871,Aarav Singh,11,Bangalore,ON_PROJECT,Lead
E0872,Ganesh Martinez,15,Mumbai,ON_PROJECT,Architect
E0873,Siddharth Das,19,Hyderabad,ON_PROJECT,Architect
E0874,Ananya Pillai,20,Delhi,ON_PROJECT,Architect
E0875,Shreya Nair,2,Mumbai,ON_PROJECT,Trainee
E0876,Hari Sen,5,Delhi,ON_PROJECT,Developer
E0877,Barbara Sen,4,Pune,ON_PROJECT,Developer
E0878,Ganesh Kulkarni,7,Mumbai,ON_PROJECT,Senior Developer
E0879,Meera Deshmukh,14,Hyderabad,BENCH,Architect
E0880,Meera Sharma,14,Delhi,ON_PROJECT,Architect
E0881,Richard Nair,20,Pune,ON_PROJECT,Architect
E0882,David Iyer,16,Bangalore,ON_PROJECT,Architect
E0883,Linda Johnson,3,Bangalore,BENCH,Developer
E0884,Emily Deshmukh,1,Hyderabad,ON_PROJECT,Trainee
E0885,Meera Joshi,4,Mumbai,ON_PROJECT,Developer
E0886,Shreya Deshmukh,12,Delhi,ON_PROJECT,Lead
E0887,Sarah Singh,6,Pune,ON_PROJECT,Senior Developer
E0888,Hari Martinez,20,Mumbai,BENCH,Architect
E0889,Linda Miller,7,Bangalore,ON_PROJECT,Senior Developer
E0890,Meera Rodriguez,15,Pune,ON_PROJECT,Architect
E0891,Amit Choudhury,14,Mumbai,BENCH,Architect
E0892,Vikram Williams,17,Delhi,ON_PROJECT,Architect
E0893,Nikhil Kulkarni,16,Bangalore,ON_PROJECT,Architect
E0894,Pooja Rodriguez,9,Mumbai,ON_PROJECT,Lead
E0895,Elizabeth Johnson,10,Hyderabad,BENCH,Lead
E0896,Yash Rao,8,Chennai,BENCH,Senior Developer
E0897,Richard Pillai,6,Hyderabad,ON_PROJECT,Senior Developer
E0898,Yash Sharma,3,Hyderabad,ON_PROJECT,Developer
E0899,David Rodriguez,1,Delhi,BENCH,Trainee
E0900,Ananya Jones,19,Mumbai,ON_PROJECT,Architect
E0901,Madhav Sen,3,Bangalore,ON_PROJECT,Developer
E0902,Jennifer Pillai,2,Hyderabad,BENCH,Trainee
E0903,Madhav Gupta,18,Mumbai,ON_PROJECT,Architect
E0904,Pooja Deshmukh,14,Mumbai,ON_PROJECT,Architect
E0905,Siddharth Rao,18,Mumbai,ON_PROJECT,Architect
E0906,Sanjay Gupta,15,Hyderabad,ON_PROJECT,Architect
E0907,Divya Choudhury,10,Mumbai,ON_PROJECT,Lead
E0908,Robert Garcia,20,Pune,BENCH,Architect
E0909,Sarah Nair,14,Mumbai,ON_PROJECT,Architect
E0910,Meera Choudhury,9,Hyderabad,BENCH,Lead
E0911,Richard Miller,15,Hyderabad,ON_PROJECT,Architect
E0912,Rahul Martinez,19,Pune,ON_PROJECT,Architect
E0913,Hari Pillai,3,Hyderabad,BENCH,Developer
E0914,Hari Deshmukh,3,Delhi,BENCH,Developer
E0915,Madhav Choudhury,9,Hyderabad,ON_PROJECT,Lead
E0916,Patricia Johnson,1,Mumbai,ON_PROJECT,Trainee
E0917,Linda Deshmukh,4,Mumbai,ON_PROJECT,Developer
E0918,Rahul Jones,15,Delhi,ON_PROJECT,Architect
E0919,Aditi Sharma,8,Hyderabad,ON_PROJECT,Senior Developer
E0920,Ishaan Joshi,10,Bangalore,ON_PROJECT,Lead
E0921,Madhav Nair,6,Pune,BENCH,Senior Developer
E0922,Aditi Jones,7,Pune,ON_PROJECT,Senior Developer
E0923,Kavita Deshmukh,7,Chennai,BENCH,Senior Developer
E0924,Patricia Gupta,15,Chennai,ON_PROJECT,Architect
E0925,Deepika Reddy,13,Pune,ON_PROJECT,Architect
E0926,Robert Kumar,5,Delhi,ON_PROJECT,Developer
E0927,Kiran Singh,17,Bangalore,BENCH,Architect
E0928,Alexander Reddy,12,Hyderabad,ON_PROJECT,Lead
E0929,Emily Patel,18,Pune,BENCH,Architect
E0930,James Jones,14,Mumbai,ON_PROJECT,Architect
E0931,James Garcia,19,Bangalore,ON_PROJECT,Architect
E0932,Nikhil Mehta,9,Bangalore,BENCH,Lead
E0933,Ishaan Rodriguez,2,Delhi,BENCH,Trainee
E0934,Alexander Smith,1,Mumbai,ON_PROJECT,Trainee
E0935,Rahul Reddy,17,Hyderabad,ON_PROJECT,Architect
E0936,Michael Reddy,1,Mumbai,ON_PROJECT,Trainee
E0937,Linda Verma,17,Bangalore,ON_PROJECT,Architect
E0938,Jennifer Johnson,18,Bangalore,ON_PROJECT,Architect
E0939,Jennifer Martinez,14,Bangalore,ON_PROJECT,Architect
E0940,Pooja Bose,18,Delhi,ON_PROJECT,Architect
E0941,Alexander Kulkarni,6,Delhi,ON_PROJECT,Senior Developer
E0942,Ganesh Sen,19,Delhi,ON_PROJECT,Architect
E0943,Sarah Nair,4,Mumbai,BENCH,Developer
E0944,John Deshmukh,10,Bangalore,ON_PROJECT,Lead
E0945,Ananya Reddy,4,Hyderabad,BENCH,Developer
E0946,John Mehta,19,Pune,ON_PROJECT,Architect
E0947,Ganesh Deshmukh,8,Hyderabad,ON_PROJECT,Senior Developer
E0948,Meera Rodriguez,6,Chennai,ON_PROJECT,Senior Developer
E0949,Rahul Jones,2,Hyderabad,ON_PROJECT,Trainee
E0950,Deepika Smith,12,Mumbai,ON_PROJECT,Lead
E0951,Kiran Deshmukh,13,Bangalore,ON_PROJECT,Architect
E0952,Madhav Rodriguez,10,Mumbai,BENCH,Lead
E0953,Deepika Bose,20,Delhi,ON_PROJECT,Architect
E0954,Neha Jones,2,Bangalore,ON_PROJECT,Trainee
E0955,Aarav Nair,8,Chennai,BENCH,Senior Developer
E0956,Vikram Kulkarni,9,Pune,ON_PROJECT,Lead
E0957,Jennifer Rodriguez,5,Chennai,BENCH,Developer
E0958,David Martinez,15,Pune,ON_PROJECT,Architect
E0959,Arjun Choudhury,12,Chennai,BENCH,Lead
E0960,Sanjay Davis,10,Hyderabad,ON_PROJECT,Lead
E0961,Robert Brown,6,Delhi,ON_PROJECT,Senior Developer
E0962,Alexander Rodriguez,13,Pune,ON_PROJECT,Architect
E0963,Deepika Singh,9,Pune,ON_PROJECT,Lead
E0964,Vikram Gupta,6,Chennai,BENCH,Senior Developer
E0965,Madhav Reddy,20,Pune,ON_PROJECT,Architect
E0966,Sarah Sharma,20,Chennai,BENCH,Architect
E0967,Divya Garcia,7,Mumbai,ON_PROJECT,Senior Developer
E0968,Nikhil Johnson,5,Bangalore,BENCH,Developer
E0969,Robert Rodriguez,19,Delhi,ON_PROJECT,Architect
E0970,Yash Verma,16,Chennai,ON_PROJECT,Architect
E0971,Deepika Nair,19,Delhi,BENCH,Architect
E0972,Yash Joshi,12,Mumbai,ON_PROJECT,Lead
E0973,David Singh,8,Delhi,ON_PROJECT,Senior Developer
E0974,Rohan Sharma,8,Delhi,BENCH,Senior Developer
E0975,Michael Choudhury,19,Delhi,BENCH,Architect
E0976,Pooja Martinez,1,Delhi,ON_PROJECT,Trainee
E0977,John Verma,6,Mumbai,ON_PROJECT,Senior Developer
E0978,Alexander Prasad,7,Chennai,ON_PROJECT,Senior Developer
E0979,Kiran Verma,3,Bangalore,ON_PROJECT,Developer
E0980,Amit Rodriguez,1,Bangalore,ON_PROJECT,Trainee
E0981,Rohan Miller,3,Bangalore,ON_PROJECT,Developer
E0982,Linda Smith,2,Chennai,ON_PROJECT,Trainee
E0983,Aarav Williams,1,Mumbai,ON_PROJECT,Trainee
E0984,Richard Williams,15,Delhi,ON_PROJECT,Architect
E0985,Rohan Reddy,6,Pune,BENCH,Senior Developer
E0986,Alexander Kumar,12,Bangalore,BENCH,Lead
E0987,Nikhil Joshi,7,Mumbai,ON_PROJECT,Senior Developer
E0988,Divya Davis,15,Hyderabad,BENCH,Architect
E0989,Yash Rodriguez,6,Hyderabad,BENCH,Senior Developer
E0990,Hari Deshmukh,16,Hyderabad,ON_PROJECT,Architect
E0991,Ananya Smith,3,Hyderabad,BENCH,Developer
E0992,William Pillai,15,Pune,ON_PROJECT,Architect
E0993,Ganesh Davis,20,Pune,ON_PROJECT,Architect
E0994,Yash Garcia,13,Pune,ON_PROJECT,Architect
E0995,Elizabeth Johnson,11,Chennai,BENCH,Lead
E0996,Madhav Reddy,11,Hyderabad,BENCH,Lead
E0997,Vikram Iyer,9,Bangalore,ON_PROJECT,Lead
E0998,Sarah Brown,11,Chennai,ON_PROJECT,Lead
E0999,Yash Joshi,16,Pune,ON_PROJECT,Architect
E1000,Pooja Davis,7,Pune,ON_PROJECT,Senior Developer
