emp_id,project_id
E0001,P030
E0001,P021
E0002,P005
E0002,P016
E0004,P033
E0004,P032
E0005,P036
E0005,P001
E0005,P008
E0006,P014
E0006,P044
E0007,P002
E0007,P012
E0007,P048
E0008,P015
E0010,P037
E0010,P013
E0010,P017
E0011,P040
E0011,P021
E0012,P040
E0013,P048
E0013,P011
E0013,P043
E0014,P002
E0015,P010
E0016,P043
E0016,P034
E0016,P036
E0017,P018
E0018,P025
E0019,P050
E0019,P038
E0019,P045
E0020,P028
E0020,P032
E0022,P006
E0022,P031
E0024,P007
E0024,P038
E0026,P024
E0026,P041
E0026,P030
E0028,P032
E0030,P045
E0030,P016
E0030,P020
E0031,P015
E0031,P008
E0032,P019
E0033,P041
E0036,P020
E0036,P038
E0036,P028
E0039,P039
E0039,P048
E0042,P021
E0042,P043
E0043,P021
E0043,P008
E0044,P018
E0046,P016
E0046,P030
E0046,P036
E0047,P033
E0047,P018
E0048,P036
E0048,P049
E0049,P032
E0050,P042
E0050,P010
E0050,P005
E0052,P002
E0052,P003
E0053,P040
E0053,P044
E0053,P016
E0054,P005
E0055,P025
E0056,P050
E0056,P015
E0058,P031
E0058,P019
E0059,P035
E0059,P008
E0060,P045
E0060,P020
E0060,P042
E0061,P024
E0061,P043
E0061,P048
E0062,P016
E0062,P024
E0062,P007
E0063,P009
E0064,P035
E0065,P017
E0068,P007
E0068,P045
E0068,P008
E0069,P043
E0069,P017
E0072,P018
E0074,P049
E0075,P008
E0075,P019
E0075,P044
E0076,P019
E0076,P021
E0078,P011
E0078,P040
E0079,P022
E0080,P017
E0081,P029
E0082,P003
E0082,P004
E0082,P024
E0083,P021
E0084,P034
E0084,P040
E0084,P011
E0085,P017
E0085,P047
E0086,P043
E0087,P009
E0088,P010
E0088,P011
E0088,P012
E0089,P031
E0089,P013
E0090,P024
E0090,P036
E0090,P007
E0091,P023
E0091,P002
E0091,P027
E0092,P010
E0092,P009
E0093,P014
E0093,P010
E0098,P023
E0098,P050
E0099,P034
E0099,P018
E0100,P029
E0100,P039
E0102,P050
E0103,P026
E0103,P021
E0104,P014
E0104,P040
E0104,P019
E0105,P011
E0105,P046
E0106,P030
E0106,P036
E0109,P041
E0111,P042
E0111,P020
E0112,P021
E0113,P016
E0113,P010
E0113,P007
E0114,P049
E0115,P016
E0115,P014
E0115,P038
E0116,P017
E0117,P049
E0117,P036
E0117,P018
E0119,P040
E0119,P021
E0120,P044
E0120,P008
E0121,P034
E0122,P010
E0122,P027
E0122,P045
E0123,P036
E0124,P036
E0124,P020
E0125,P008
E0125,P037
E0126,P048
E0126,P031
E0127,P016
E0128,P031
E0128,P042
E0128,P013
E0129,P003
E0130,P042
E0130,P035
E0130,P034
E0131,P012
E0132,P029
E0133,P011
E0133,P026
E0134,P027
E0134,P045
E0135,P037
E0136,P033
E0137,P023
E0137,P045
E0137,P005
E0139,P044
E0139,P047
E0139,P035
E0141,P029
E0141,P015
E0141,P035
E0142,P043
E0146,P031
E0147,P026
E0148,P007
E0148,P047
E0148,P031
E0149,P019
E0149,P010
E0149,P013
E0150,P047
E0152,P024
E0152,P004
E0152,P040
E0153,P002
E0153,P033
E0154,P026
E0154,P030
E0156,P003
E0156,P005
E0157,P025
E0157,P049
E0158,P029
E0158,P032
E0159,P010
E0159,P025
E0160,P028
E0161,P050
E0161,P006
E0161,P047
E0162,P027
E0162,P020
E0163,P040
E0163,P025
E0164,P021
E0164,P019
E0164,P048
E0166,P046
E0167,P043
E0168,P029
E0169,P027
E0169,P006
E0170,P005
E0170,P020
E0171,P022
E0172,P001
E0172,P046
E0172,P014
E0173,P034
E0173,P041
E0173,P021
E0174,P008
E0174,P016
E0175,P032
E0176,P013
E0177,P003
E0177,P018
E0178,P035
E0178,P049
E0179,P023
E0179,P006
E0180,P035
E0180,P018
E0182,P005
E0182,P041
E0182,P050
E0184,P022
E0184,P044
E0184,P049
E0185,P013
E0185,P045
E0185,P009
E0186,P028
E0187,P031
E0189,P049
E0190,P050
E0190,P045
E0192,P049
E0193,P041
E0193,P046
E0194,P010
E0195,P008
E0195,P030
E0195,P040
E0196,P009
E0196,P048
E0197,P004
E0197,P032
E0199,P015
E0199,P021
E0199,P016
E0201,P030
E0202,P001
E0202,P049
E0204,P041
E0205,P015
E0205,P005
E0206,P020
E0206,P030
E0206,P017
E0207,P006
E0208,P007
E0211,P027
E0211,P036
E0211,P031
E0212,P031
E0212,P035
E0213,P034
E0213,P023
E0213,P050
E0214,P023
E0214,P012
E0214,P016
E0215,P032
E0216,P021
E0217,P020
E0217,P021
E0218,P047
E0218,P045
E0219,P041
E0221,P011
E0221,P027
E0221,P032
E0223,P046
E0223,P002
E0223,P028
E0224,P007
E0225,P043
E0225,P041
E0226,P026
E0226,P031
E0227,P030
E0227,P017
E0227,P015
E0228,P035
E0228,P044
E0228,P031
E0229,P014
E0231,P010
E0231,P037
E0231,P038
E0232,P018
E0233,P018
E0233,P032
E0234,P048
E0234,P032
E0234,P049
E0235,P004
E0237,P048
E0237,P045
E0238,P042
E0238,P027
E0239,P025
E0239,P023
E0239,P030
E0240,P036
E0240,P042
E0241,P034
E0242,P027
E0242,P026
E0243,P007
E0243,P031
E0244,P048
E0246,P037
E0246,P030
E0246,P010
E0247,P049
E0249,P020
E0249,P009
E0250,P047
E0250,P034
E0250,P039
E0251,P047
E0253,P045
E0253,P010
E0253,P014
E0255,P003
E0256,P006
E0257,P024
E0257,P044
E0258,P047
E0258,P006
E0260,P032
E0260,P008
E0260,P027
E0262,P032
E0262,P011
E0262,P005
E0263,P006
E0263,P032
E0263,P029
E0264,P042
E0268,P045
E0269,P029
E0269,P009
E0270,P044
E0270,P023
E0273,P027
E0273,P044
E0273,P021
E0274,P029
E0274,P012
E0275,P030
E0275,P046
E0277,P024
E0277,P019
E0280,P042
E0280,P005
E0280,P048
E0281,P025
E0281,P029
E0281,P041
E0283,P009
E0284,P035
E0284,P036
E0284,P006
E0286,P047
E0287,P029
E0287,P022
E0287,P040
E0288,P044
E0289,P035
E0290,P050
E0290,P038
E0290,P014
E0291,P009
E0291,P030
E0292,P012
E0293,P025
E0293,P031
E0294,P024
E0294,P038
E0294,P042
E0295,P029
E0296,P022
E0296,P047
E0296,P008
E0297,P037
E0298,P006
E0298,P014
E0299,P047
E0300,P039
E0301,P039
E0304,P044
E0304,P026
E0307,P026
E0307,P040
E0307,P042
E0308,P040
E0309,P034
E0310,P026
E0310,P037
E0310,P001
E0311,P025
E0311,P037
E0311,P031
E0312,P021
E0313,P023
E0313,P014
E0314,P010
E0314,P050
E0315,P032
E0315,P037
E0316,P035
E0316,P003
E0316,P033
E0317,P038
E0317,P007
E0317,P021
E0318,P027
E0319,P025
E0319,P013
E0319,P010
E0320,P007
E0320,P045
E0320,P011
E0321,P002
E0321,P027
E0322,P050
E0322,P048
E0322,P029
E0324,P048
E0324,P038
E0326,P006
E0328,P034
E0328,P041
E0328,P035
E0329,P023
E0330,P036
E0330,P028
E0330,P026
E0331,P013
E0331,P005
E0331,P012
E0333,P001
E0334,P004
E0335,P050
E0335,P029
E0335,P016
E0337,P001
E0337,P011
E0338,P032
E0339,P021
E0340,P013
E0340,P037
E0340,P012
E0341,P030
E0341,P001
E0342,P034
E0343,P003
E0344,P039
E0345,P024
E0345,P046
E0345,P004
E0346,P034
E0347,P035
E0348,P024
E0348,P029
E0349,P002
E0349,P050
E0350,P006
E0350,P037
E0353,P049
E0353,P039
E0353,P037
E0355,P026
E0355,P042
E0355,P037
E0356,P024
E0356,P023
E0356,P013
E0357,P044
E0359,P040
E0359,P047
E0359,P010
E0360,P043
E0360,P018
E0360,P024
E0362,P026
E0362,P048
E0362,P011
E0363,P015
E0363,P010
E0364,P020
E0364,P039
E0364,P022
E0365,P028
E0366,P047
E0367,P002
E0368,P046
E0368,P042
E0368,P024
E0369,P027
E0369,P015
E0371,P030
E0371,P003
E0371,P016
E0372,P050
E0372,P019
E0374,P045
E0374,P042
E0375,P022
E0377,P006
E0377,P039
E0377,P001
E0378,P003
E0379,P030
E0380,P009
E0380,P008
E0380,P045
E0381,P039
E0381,P021
E0381,P017
E0384,P026
E0384,P047
E0385,P030
E0385,P027
E0388,P006
E0389,P014
E0391,P050
E0391,P029
E0392,P036
E0392,P021
E0395,P026
E0395,P012
E0397,P025
E0397,P005
E0397,P022
E0400,P025
E0400,P040
E0401,P019
E0402,P045
E0402,P038
E0402,P026
E0403,P010
E0403,P019
E0403,P043
E0404,P045
E0404,P039
E0404,P028
E0405,P046
E0408,P011
E0408,P003
E0409,P032
E0409,P006
E0410,P024
E0410,P012
E0410,P017
E0411,P050
E0411,P025
E0411,P016
E0412,P026
E0412,P031
E0412,P020
E0414,P030
E0414,P050
E0414,P044
E0417,P030
E0417,P043
E0419,P035
E0420,P002
E0420,P032
E0420,P010
E0422,P049
E0422,P050
E0422,P019
E0424,P032
E0424,P035
E0425,P044
E0425,P035
E0425,P010
E0426,P041
E0427,P039
E0427,P040
E0427,P015
E0428,P022
E0429,P007
E0430,P045
E0430,P050
E0430,P031
E0431,P040
E0431,P006
E0431,P041
E0432,P030
E0433,P019
E0433,P014
E0434,P002
E0437,P003
E0438,P006
E0439,P037
E0440,P031
E0440,P045
E0440,P007
E0441,P042
E0442,P046
E0443,P045
E0443,P040
E0444,P040
E0444,P003
E0444,P024
E0445,P049
E0448,P014
E0449,P034
E0450,P015
E0450,P031
E0451,P046
E0452,P023
E0452,P010
E0453,P042
E0453,P046
E0455,P013
E0455,P002
E0456,P046
E0457,P019
E0457,P011
E0457,P047
E0459,P036
E0459,P032
E0460,P020
E0460,P041
E0461,P005
E0461,P039
E0461,P048
E0463,P041
E0463,P023
E0463,P004
E0464,P018
E0464,P044
E0465,P033
E0467,P046
E0468,P045
E0468,P049
E0468,P008
E0470,P012
E0472,P024
E0472,P045
E0472,P038
E0474,P008
E0474,P025
E0474,P019
E0476,P022
E0477,P033
E0477,P018
E0477,P010
E0479,P030
E0479,P013
E0479,P019
E0480,P029
E0480,P021
E0480,P025
E0481,P046
E0481,P025
E0482,P032
E0482,P038
E0483,P025
E0483,P007
E0485,P038
E0485,P002
E0485,P021
E0486,P011
E0486,P040
E0488,P028
E0488,P043
E0489,P014
E0489,P043
E0489,P048
E0490,P021
E0490,P005
E0490,P041
E0491,P013
E0494,P032
E0494,P006
E0496,P045
E0496,P008
E0497,P002
E0497,P042
E0498,P001
E0498,P026
E0498,P017
E0499,P022
E0499,P046
E0499,P028
E0500,P042
E0500,P009
E0500,P001
E0501,P031
E0501,P048
E0501,P009
E0502,P006
E0504,P025
E0504,P009
E0504,P028
E0505,P040
E0506,P046
E0506,P028
E0506,P048
E0507,P026
E0507,P043
E0508,P010
E0508,P017
E0508,P008
E0509,P011
E0509,P021
E0509,P048
E0510,P046
E0511,P006
E0511,P014
E0512,P027
E0514,P021
E0514,P047
E0514,P037
E0516,P042
E0516,P049
E0517,P033
E0517,P013
E0519,P006
E0519,P031
E0519,P020
E0522,P022
E0522,P012
E0524,P006
E0524,P009
E0525,P042
E0528,P015
E0528,P046
E0528,P004
E0530,P019
E0531,P013
E0532,P017
E0532,P023
E0533,P017
E0533,P022
E0533,P023
E0535,P047
E0536,P050
E0536,P001
E0536,P016
E0537,P009
E0539,P026
E0539,P044
E0539,P045
E0540,P045
E0540,P023
E0540,P042
E0541,P006
E0544,P007
E0545,P014
E0545,P029
E0545,P005
E0546,P033
E0547,P036
E0548,P020
E0548,P019
E0550,P047
E0550,P039
E0550,P009
E0551,P022
E0551,P035
E0551,P003
E0552,P040
E0553,P046
E0554,P027
E0555,P050
E0555,P006
E0556,P007
E0556,P021
E0556,P010
E0557,P008
E0557,P018
E0557,P004
E0559,P016
E0560,P039
E0560,P017
E0561,P045
E0561,P008
E0561,P009
E0562,P022
E0562,P014
E0563,P035
E0563,P006
E0563,P042
E0564,P013
E0564,P029
E0565,P032
E0566,P043
E0568,P034
E0568,P049
E0569,P006
E0569,P037
E0570,P002
E0570,P038
E0570,P041
E0572,P004
E0572,P020
E0572,P040
E0573,P030
E0573,P028
E0573,P040
E0574,P037
E0576,P020
E0576,P039
E0576,P022
E0577,P013
E0578,P011
E0578,P007
E0579,P048
E0579,P050
E0579,P022
E0580,P029
E0580,P013
E0581,P013
E0582,P020
E0583,P035
E0584,P016
E0584,P004
E0585,P049
E0585,P042
E0585,P033
E0586,P013
E0588,P024
E0588,P032
E0588,P021
E0590,P013
E0590,P046
E0591,P026
E0592,P050
E0592,P045
E0592,P027
E0593,P022
E0593,P015
E0594,P037
E0594,P041
E0595,P007
E0596,P004
E0596,P024
E0596,P034
E0597,P031
E0597,P048
E0597,P005
E0598,P033
E0599,P030
E0599,P037
E0599,P003
E0600,P030
E0600,P025
E0600,P043
E0602,P033
E0604,P011
E0604,P002
E0605,P023
E0605,P012
E0605,P014
E0606,P004
E0606,P039
E0606,P001
E0610,P005
E0611,P041
E0611,P045
E0612,P033
E0613,P019
E0613,P013
E0613,P010
E0614,P042
E0614,P019
E0614,P049
E0615,P012
E0615,P029
E0616,P016
E0617,P018
E0620,P025
E0620,P032
E0621,P033
E0621,P046
E0622,P044
E0622,P010
E0622,P017
E0623,P011
E0623,P028
E0623,P017
E0624,P001
E0624,P011
E0625,P046
E0626,P049
E0627,P008
E0627,P018
E0627,P005
E0629,P016
E0629,P024
E0630,P024
E0631,P015
E0631,P039
E0631,P032
E0632,P046
E0633,P014
E0634,P043
E0634,P008
E0634,P009
E0635,P015
E0636,P021
E0638,P033
E0638,P045
E0640,P005
E0640,P034
E0640,P047
E0641,P037
E0642,P025
E0643,P010
E0643,P041
E0643,P047
E0644,P018
E0644,P041
E0644,P042
E0645,P045
E0645,P048
E0646,P026
E0647,P039
E0651,P047
E0654,P022
E0654,P050
E0655,P034
E0656,P049
E0656,P025
E0657,P043
E0658,P023
E0658,P030
E0658,P033
E0659,P006
E0659,P041
E0660,P031
E0661,P016
E0661,P048
E0662,P032
E0662,P025
E0662,P011
E0663,P020
E0664,P047
E0664,P012
E0666,P011
E0666,P009
E0666,P023
E0667,P043
E0667,P018
E0667,P008
E0668,P023
E0669,P040
E0672,P004
E0672,P033
E0672,P028
E0674,P032
E0674,P024
E0675,P016
E0675,P042
E0676,P013
E0677,P013
E0678,P027
E0678,P034
E0678,P033
E0679,P044
E0679,P035
E0679,P033
E0680,P037
E0683,P027
E0684,P042
E0684,P017
E0684,P041
E0685,P031
E0686,P026
E0687,P025
E0687,P002
E0687,P008
E0688,P046
E0688,P006
E0690,P025
E0690,P010
E0690,P023
E0691,P006
E0691,P003
E0693,P029
E0693,P047
E0693,P031
E0694,P032
E0694,P028
E0696,P009
E0696,P008
E0696,P004
E0699,P027
E0699,P047
E0699,P022
E0700,P028
E0700,P044
E0700,P030
E0701,P012
E0701,P048
E0701,P036
E0703,P039
E0704,P003
E0704,P004
E0704,P021
E0705,P027
E0705,P048
E0706,P044
E0707,P029
E0707,P009
E0709,P037
E0709,P024
E0711,P033
E0711,P029
E0711,P017
E0712,P025
E0713,P026
E0714,P010
E0714,P041
E0714,P014
E0715,P002
E0716,P034
E0716,P014
E0716,P043
E0717,P031
E0717,P035
E0717,P045
E0718,P043
E0718,P047
E0720,P014
E0720,P023
E0720,P013
E0721,P027
E0721,P023
E0721,P035
E0722,P025
E0722,P019
E0722,P043
E0724,P027
E0724,P042
E0724,P046
E0725,P003
E0725,P001
E0725,P002
E0728,P002
E0729,P035
E0731,P014
E0731,P026
E0732,P021
E0732,P041
E0732,P029
E0733,P031
E0733,P040
E0734,P014
E0735,P006
E0736,P007
E0736,P038
E0736,P050
E0737,P037
E0739,P008
E0739,P001
E0740,P034
E0742,P002
E0742,P042
E0744,P032
E0744,P042
E0744,P008
E0745,P047
E0746,P045
E0746,P011
E0747,P043
E0747,P032
E0747,P018
E0748,P004
E0748,P014
E0748,P001
E0750,P037
E0750,P042
E0751,P002
E0751,P031
E0752,P033
E0752,P022
E0752,P004
E0753,P039
E0755,P014
E0755,P011
E0755,P023
E0756,P012
E0758,P034
E0759,P030
E0759,P001
E0760,P043
E0762,P013
E0762,P003
E0763,P030
E0764,P019
E0765,P023
E0766,P015
E0766,P003
E0767,P038
E0767,P009
E0768,P028
E0768,P007
E0768,P009
E0771,P037
E0771,P031
E0772,P009
E0772,P015
E0772,P044
E0773,P039
E0774,P012
E0774,P016
E0774,P035
E0775,P031
E0776,P002
E0777,P001
E0777,P011
E0778,P046
E0778,P009
E0778,P018
E0780,P049
E0780,P027
E0780,P005
E0782,P006
E0783,P013
E0783,P014
E0783,P037
E0784,P007
E0784,P008
E0785,P019
E0786,P017
E0786,P042
E0786,P002
E0787,P049
E0787,P043
E0788,P039
E0788,P048
E0788,P040
E0789,P015
E0789,P002
E0791,P004
E0791,P016
E0791,P015
E0793,P043
E0793,P008
E0793,P005
E0794,P042
E0794,P016
E0795,P048
E0795,P036
E0796,P018
E0796,P038
E0797,P012
E0797,P043
E0797,P028
E0798,P047
E0798,P040
E0799,P011
E0799,P025
E0800,P024
E0800,P018
E0802,P017
E0802,P032
E0803,P038
E0803,P021
E0803,P003
E0804,P008
E0804,P033
E0804,P005
E0805,P027
E0805,P042
E0806,P021
E0807,P037
E0808,P016
E0808,P050
E0809,P042
E0809,P031
E0810,P008
E0810,P006
E0811,P017
E0811,P049
E0811,P036
E0812,P028
E0812,P023
E0812,P009
E0813,P029
E0813,P027
E0814,P044
E0814,P042
E0815,P022
E0815,P004
E0815,P037
E0816,P037
E0816,P040
E0817,P043
E0818,P001
E0820,P047
E0821,P007
E0821,P046
E0821,P034
E0822,P032
E0823,P036
E0823,P040
E0823,P014
E0824,P019
E0825,P021
E0825,P016
E0825,P043
E0826,P002
E0827,P017
E0827,P004
E0827,P018
E0828,P009
E0828,P039
E0829,P024
E0831,P048
E0831,P008
E0832,P013
E0832,P039
E0832,P020
E0833,P036
E0833,P018
E0833,P031
E0835,P032
E0836,P020
E0836,P048
E0836,P022
E0837,P035
E0837,P032
E0837,P021
E0839,P011
E0839,P041
E0839,P034
E0840,P010
E0841,P001
E0841,P021
E0841,P027
E0842,P007
E0842,P004
E0843,P028
E0843,P038
E0845,P001
E0846,P028
E0846,P043
E0846,P031
E0847,P011
E0848,P012
E0848,P002
E0851,P032
E0851,P012
E0851,P031
E0853,P046
E0853,P011
E0854,P003
E0854,P018
E0854,P039
E0855,P006
E0855,P008
E0855,P012
E0856,P020
E0857,P012
E0858,P010
E0858,P035
E0858,P037
E0859,P030
E0860,P045
E0860,P007
E0861,P011
E0861,P030
E0862,P044
E0862,P026
E0862,P020
E0863,P039
E0863,P045
E0864,P030
E0867,P043
E0867,P048
E0867,P038
E0869,P020
E0869,P025
E0870,P044
E0870,P047
E0872,P035
E0872,P049
E0872,P025
E0874,P023
E0874,P027
E0875,P012
E0876,P003
E0876,P005
E0876,P021
E0877,P026
E0877,P002
E0877,P012
E0879,P012
E0879,P044
E0879,P019
E0880,P002
E0881,P022
E0881,P021
E0883,P002
E0883,P010
E0883,P040
E0885,P049
E0885,P014
E0886,P026
E0887,P027
E0887,P013
E0887,P041
E0889,P009
E0889,P019
E0890,P011
E0890,P016
E0891,P031
E0891,P047
E0891,P004
E0892,P024
E0893,P022
E0893,P019
E0895,P044
E0895,P019
E0895,P010
E0896,P047
E0896,P033
E0897,P034
E0899,P041
E0899,P007
E0899,P022
E0900,P003
E0901,P038
E0903,P050
E0903,P042
E0903,P013
E0904,P042
E0904,P020
E0905,P032
E0905,P011
E0905,P012
E0906,P020
E0907,P011
E0907,P040
E0907,P043
E0908,P010
E0908,P020
E0909,P030
E0910,P021
E0910,P036
E0910,P048
E0911,P003
E0911,P050
E0911,P043
E0912,P029
E0912,P019
E0913,P016
E0913,P021
E0913,P037
E0914,P030
E0914,P015
E0915,P028
E0915,P026
E0915,P032
E0916,P019
E0916,P037
E0916,P022
E0917,P049
E0918,P002
E0918,P026
E0918,P037
E0919,P050
E0920,P005
E0920,P021
E0921,P029
E0925,P037
E0926,P024
E0926,P040
E0929,P015
E0929,P006
E0930,P017
E0930,P009
E0930,P021
E0932,P049
E0932,P009
E0934,P030
E0935,P043
E0935,P007
E0935,P022
E0936,P009
E0936,P023
E0937,P047
E0938,P041
E0939,P021
E0939,P009
E0939,P047
E0940,P010
E0941,P018
E0942,P034
E0942,P007
E0943,P017
E0943,P008
E0943,P041
E0944,P043
E0945,P023
E0945,P006
E0948,P017
E0948,P023
E0948,P044
E0949,P049
E0949,P023
E0949,P050
E0951,P021
E0953,P009
E0953,P025
E0953,P007
E0954,P015
E0955,P034
E0957,P030
E0958,P036
E0958,P042
E0958,P004
E0959,P046
E0959,P049
E0959,P009
E0960,P038
E0960,P008
E0962,P012
E0962,P046
E0963,P002
E0963,P039
E0964,P020
E0964,P002
E0964,P037
E0965,P037
E0965,P012
E0968,P043
E0968,P046
E0968,P049
E0969,P049
E0969,P013
E0969,P019
E0970,P050
E0970,P019
E0970,P044
E0974,P003
E0974,P010
E0974,P039
E0975,P027
E0975,P025
E0975,P018
E0976,P005
E0977,P037
E0977,P017
E0978,P007
E0978,P008
E0978,P015
E0979,P050
E0981,P005
E0981,P016
E0981,P039
E0982,P003
E0982,P010
E0984,P030
E0985,P010
E0985,P003
E0986,P024
E0986,P022
E0986,P021
E0987,P014
E0987,P026
E0988,P034
E0988,P028
E0988,P012
E0989,P027
E0992,P010
E0994,P038
E0994,P037
E0994,P012
E0995,P044
E0995,P026
E0997,P004
E0999,P027
E0999,P046
E0999,P022
E1000,P033
E1000,P008
