emp_id,cert_id
E0002,C003
E0004,C001
E0007,C004
E0011,C001
E0011,C003
E0012,C003
E0012,C004
E0015,C001
E0015,C005
E0016,C003
E0016,C004
E0017,C001
E0018,C002
E0018,C005
E0021,C004
E0021,C002
E0023,C002
E0023,C005
E0025,C003
E0025,C001
E0026,C002
E0026,C004
E0027,C004
E0030,C005
E0030,C003
E0031,C002
E0031,C003
E0033,C001
E0036,C005
E0038,C002
E0038,C003
E0039,C003
E0039,C004
E0040,C001
E0040,C004
E0043,C005
E0044,C002
E0044,C003
E0045,C004
E0045,C001
E0048,C004
E0048,C005
E0050,C003
E0051,C001
E0051,C002
E0052,C001
E0053,C005
E0054,C003
E0055,C003
E0055,C005
E0056,C003
E0056,C002
E0057,C003
E0057,C002
E0058,C003
E0058,C001
E0059,C003
E0060,C001
E0061,C005
E0061,C004
E0062,C003
E0062,C005
E0063,C002
E0063,C001
E0064,C002
E0066,C005
E0066,C003
E0068,C005
E0068,C002
E0069,C002
E0070,C003
E0071,C005
E0072,C003
E0072,C005
E0073,C005
E0073,C002
E0074,C001
E0074,C005
E0075,C005
E0075,C004
E0077,C001
E0078,C003
E0082,C001
E0083,C004
E0083,C002
E0084,C003
E0085,C005
E0085,C002
E0086,C005
E0086,C001
E0088,C005
E0088,C002
E0089,C005
E0090,C005
E0090,C001
E0093,C005
E0093,C004
E0094,C005
E0094,C002
E0095,C004
E0096,C003
E0096,C002
E0097,C002
E0100,C004
E0100,C002
E0101,C004
E0101,C003
E0102,C003
E0102,C005
E0103,C003
E0103,C002
E0104,C004
E0104,C002
E0105,C002
E0105,C003
E0107,C004
E0108,C002
E0108,C003
E0109,C005
E0111,C002
E0112,C003
E0112,C005
E0115,C001
E0116,C003
E0116,C004
E0117,C005
E0117,C001
E0120,C005
E0121,C005
E0121,C004
E0123,C004
E0125,C005
E0125,C004
E0128,C003
E0129,C004
E0130,C002
E0131,C004
E0131,C005
E0132,C003
E0133,C005
E0133,C003
E0134,C004
E0134,C002
E0135,C002
E0135,C005
E0136,C004
E0137,C001
E0137,C005
E0138,C005
E0138,C002
E0139,C005
E0142,C002
E0142,C004
E0143,C004
E0144,C004
E0144,C005
E0145,C002
E0145,C001
E0148,C002
E0149,C002
E0150,C002
E0151,C001
E0151,C005
E0152,C005
E0152,C004
E0153,C004
E0153,C002
E0154,C002
E0154,C005
E0155,C004
E0156,C003
E0156,C001
E0157,C002
E0157,C001
E0159,C002
E0159,C004
E0160,C005
E0161,C002
E0161,C005
E0162,C001
E0163,C004
E0164,C004
E0164,C002
E0165,C004
E0165,C002
E0166,C004
E0167,C003
E0167,C002
E0168,C004
E0171,C004
E0171,C005
E0173,C004
E0173,C005
E0174,C001
E0175,C005
E0175,C002
E0176,C005
E0179,C001
E0180,C005
E0180,C002
E0181,C002
E0183,C004
E0183,C003
E0185,C003
E0185,C002
E0186,C001
E0186,C005
E0188,C005
E0188,C001
E0192,C001
E0193,C004
E0193,C005
E0194,C003
E0194,C004
E0195,C001
E0195,C003
E0196,C001
E0197,C002
E0197,C003
E0199,C003
E0200,C001
E0201,C005
E0202,C004
E0202,C003
E0204,C001
E0207,C002
E0207,C003
E0208,C001
E0210,C004
E0212,C003
E0213,C002
E0213,C005
E0214,C003
E0214,C005
E0218,C002
E0219,C001
E0219,C004
E0220,C002
E0221,C003
E0222,C001
E0223,C002
E0223,C004
E0225,C004
E0225,C002
E0226,C003
E0227,C005
E0228,C002
E0228,C004
E0231,C001
E0231,C005
E0232,C002
E0233,C001
E0233,C002
E0234,C003
E0234,C001
E0238,C001
E0238,C005
E0239,C002
E0240,C005
E0240,C003
E0242,C001
E0244,C004
E0245,C002
E0246,C002
E0248,C002
E0248,C003
E0250,C003
E0250,C004
E0252,C001
E0252,C005
E0253,C001
E0253,C003
E0254,C001
E0255,C004
E0255,C002
E0256,C001
E0256,C005
E0257,C004
E0258,C003
E0260,C001
E0261,C002
E0262,C003
E0263,C001
E0264,C004
E0264,C003
E0265,C003
E0266,C005
E0267,C005
E0267,C001
E0268,C002
E0268,C005
E0270,C002
E0270,C005
E0271,C002
E0272,C004
E0273,C001
E0273,C005
E0274,C001
E0274,C002
E0276,C003
E0276,C002
E0278,C003
E0280,C002
E0280,C001
E0281,C004
E0282,C005
E0283,C004
E0283,C003
E0284,C002
E0286,C004
E0286,C003
E0287,C003
E0287,C002
E0288,C003
E0288,C004
E0291,C005
E0291,C001
E0292,C005
E0292,C002
E0293,C001
E0296,C004
E0297,C002
E0297,C005
E0298,C005
E0299,C003
E0299,C004
E0301,C001
E0301,C004
E0302,C002
E0303,C002
E0305,C002
E0305,C004
E0307,C003
E0307,C001
E0310,C002
E0312,C003
E0313,C003
E0313,C002
E0315,C004
E0316,C004
E0317,C005
E0318,C003
E0318,C005
E0319,C002
E0319,C004
E0324,C004
E0324,C005
E0326,C004
E0326,C003
E0327,C003
E0327,C005
E0328,C003
E0329,C004
E0333,C002
E0334,C004
E0335,C001
E0335,C002
E0336,C004
E0337,C005
E0339,C003
E0339,C004
E0340,C003
E0340,C005
E0341,C005
E0341,C004
E0342,C004
E0342,C002
E0344,C001
E0344,C005
E0345,C003
E0345,C001
E0346,C002
E0346,C005
E0347,C004
E0347,C003
E0348,C004
E0349,C003
E0349,C002
E0350,C005
E0351,C005
E0351,C004
E0352,C005
E0353,C001
E0353,C002
E0354,C004
E0354,C003
E0356,C003
E0357,C002
E0358,C004
E0359,C001
E0359,C004
E0363,C004
E0364,C005
E0367,C005
E0367,C003
E0369,C002
E0369,C005
E0370,C004
E0370,C003
E0371,C005
E0371,C004
E0372,C002
E0374,C002
E0374,C001
E0375,C002
E0375,C005
E0376,C003
E0376,C001
E0378,C005
E0378,C003
E0379,C005
E0379,C003
E0380,C003
E0381,C005
E0381,C003
E0383,C002
E0383,C003
E0384,C005
E0384,C001
E0385,C001
E0385,C003
E0386,C004
E0387,C002
E0388,C005
E0389,C001
E0389,C004
E0391,C001
E0391,C003
E0392,C002
E0393,C001
E0394,C005
E0395,C003
E0395,C005
E0396,C001
E0398,C005
E0398,C004
E0400,C004
E0400,C002
E0402,C003
E0402,C004
E0404,C002
E0404,C004
E0405,C003
E0405,C004
E0407,C005
E0407,C003
E0408,C005
E0408,C003
E0410,C002
E0410,C004
E0411,C004
E0411,C002
E0412,C005
E0414,C002
E0414,C005
E0415,C001
E0415,C004
E0416,C002
E0416,C001
E0418,C004
E0419,C002
E0420,C001
E0420,C005
E0421,C004
E0422,C002
E0422,C005
E0423,C004
E0423,C002
E0424,C001
E0425,C005
E0425,C002
E0429,C005
E0429,C004
E0430,C002
E0430,C005
E0431,C003
E0432,C002
E0432,C003
E0433,C003
E0434,C005
E0435,C002
E0436,C002
E0437,C005
E0437,C001
E0438,C005
E0440,C004
E0442,C002
E0443,C005
E0443,C002
E0444,C002
E0445,C002
E0445,C003
E0446,C005
E0448,C001
E0448,C003
E0449,C003
E0449,C004
E0450,C003
E0451,C002
E0451,C005
E0452,C004
E0453,C004
E0454,C001
E0456,C003
E0457,C004
E0458,C003
E0460,C004
E0460,C001
E0461,C005
E0462,C002
E0463,C003
E0464,C003
E0464,C001
E0467,C001
E0469,C001
E0470,C003
E0470,C001
E0473,C001
E0474,C005
E0475,C004
E0475,C001
E0477,C001
E0478,C001
E0479,C004
E0479,C005
E0480,C004
E0481,C001
E0482,C005
E0483,C003
E0484,C001
E0485,C005
E0486,C003
E0487,C005
E0487,C001
E0488,C003
E0488,C002
E0489,C003
E0492,C003
E0493,C003
E0496,C005
E0497,C001
E0497,C005
E0498,C001
E0500,C002
E0501,C002
E0502,C002
E0505,C002
E0506,C003
E0506,C001
E0507,C002
E0508,C001
E0509,C002
E0510,C004
E0511,C002
E0513,C002
E0515,C003
E0516,C002
E0516,C001
E0517,C004
E0518,C003
E0518,C004
E0520,C001
E0520,C004
E0521,C004
E0521,C002
E0527,C001
E0528,C001
E0528,C004
E0530,C004
E0530,C005
E0532,C002
E0532,C005
E0535,C004
E0536,C003
E0537,C004
E0538,C005
E0538,C001
E0539,C003
E0539,C005
E0540,C002
E0541,C005
E0541,C003
E0542,C001
E0542,C003
E0543,C003
E0544,C005
E0545,C005
E0547,C001
E0548,C001
E0551,C004
E0551,C003
E0552,C005
E0552,C001
E0553,C004
E0553,C001
E0556,C003
E0557,C004
E0559,C004
E0559,C005
E0560,C004
E0560,C003
E0561,C005
E0561,C003
E0562,C005
E0563,C001
E0563,C005
E0565,C001
E0566,C005
E0566,C002
E0567,C005
E0567,C003
E0570,C003
E0571,C004
E0571,C001
E0572,C004
E0572,C001
E0573,C001
E0573,C003
E0576,C003
E0577,C002
E0577,C001
E0578,C001
E0579,C004
E0579,C002
E0580,C005
E0580,C003
E0582,C002
E0583,C003
E0584,C003
E0584,C002
E0585,C004
E0586,C002
E0587,C004
E0588,C004
E0589,C002
E0590,C002
E0590,C003
E0593,C004
E0594,C005
E0594,C004
E0595,C005
E0595,C002
E0597,C002
E0598,C004
E0598,C003
E0599,C001
E0599,C003
E0601,C002
E0601,C004
E0603,C002
E0603,C003
E0604,C001
E0604,C002
E0605,C001
E0605,C002
E0608,C005
E0610,C003
E0610,C005
E0611,C002
E0612,C001
E0612,C002
E0613,C002
E0615,C001
E0615,C005
E0616,C001
E0616,C004
E0617,C001
E0618,C005
E0619,C002
E0620,C005
E0621,C003
E0623,C003
E0623,C004
E0624,C001
E0627,C001
E0629,C004
E0629,C005
E0630,C005
E0631,C005
E0634,C004
E0634,C001
E0635,C001
E0636,C005
E0637,C001
E0640,C003
E0642,C002
E0643,C002
E0644,C003
E0646,C001
E0646,C004
E0647,C002
E0647,C001
E0649,C003
E0649,C004
E0650,C001
E0650,C002
E0651,C004
E0651,C001
E0652,C003
E0652,C002
E0653,C002
E0653,C001
E0654,C002
E0655,C003
E0655,C004
E0658,C003
E0660,C005
E0661,C005
E0661,C001
E0662,C001
E0663,C005
E0663,C001
E0664,C003
E0666,C004
E0666,C001
E0667,C004
E0668,C001
E0668,C002
E0670,C005
E0670,C002
E0671,C002
E0671,C001
E0672,C001
E0672,C003
E0674,C003
E0675,C002
E0676,C004
E0676,C001
E0677,C005
E0682,C002
E0682,C005
E0683,C003
E0683,C005
E0684,C005
E0684,C002
E0686,C005
E0686,C002
E0689,C003
E0689,C001
E0690,C003
E0690,C002
E0691,C002
E0691,C005
E0692,C004
E0694,C004
E0695,C004
E0695,C002
E0696,C003
E0697,C002
E0697,C004
E0699,C001
E0700,C003
E0700,C005
E0701,C001
E0701,C004
E0705,C001
E0705,C002
E0706,C001
E0707,C003
E0709,C001
E0710,C003
E0711,C001
E0711,C005
E0712,C001
E0713,C001
E0714,C005
E0715,C004
E0715,C003
E0716,C002
E0718,C003
E0718,C001
E0719,C002
E0720,C005
E0720,C001
E0721,C005
E0722,C004
E0722,C003
E0723,C003
E0723,C004
E0724,C004
E0724,C001
E0726,C004
E0726,C002
E0727,C005
E0727,C004
E0728,C005
E0728,C001
E0730,C005
E0733,C005
E0733,C001
E0734,C001
E0735,C005
E0736,C003
E0736,C002
E0737,C003
E0739,C001
E0741,C004
E0742,C001
E0742,C004
E0743,C001
E0744,C005
E0745,C005
E0747,C004
E0748,C002
E0748,C004
E0751,C005
E0751,C004
E0752,C003
E0753,C005
E0755,C003
E0755,C005
E0756,C004
E0757,C003
E0757,C004
E0758,C002
E0758,C005
E0759,C003
E0761,C005
E0762,C005
E0762,C003
E0763,C002
E0763,C003
E0764,C001
E0764,C005
E0765,C005
E0766,C003
E0767,C002
E0767,C003
E0768,C004
E0768,C003
E0770,C005
E0771,C003
E0771,C001
E0772,C002
E0772,C003
E0774,C005
E0775,C003
E0776,C004
E0777,C005
E0778,C003
E0778,C004
E0781,C004
E0781,C005
E0782,C001
E0782,C005
E0783,C005
E0784,C002
E0790,C004
E0794,C003
E0794,C005
E0796,C003
E0797,C001
E0797,C003
E0798,C004
E0799,C002
E0800,C003
E0800,C001
E0801,C004
E0803,C002
E0803,C001
E0805,C004
E0806,C005
E0806,C003
E0807,C005
E0807,C004
E0808,C002
E0809,C002
E0809,C004
E0810,C004
E0811,C004
E0811,C001
E0812,C005
E0813,C004
E0813,C005
E0814,C004
E0815,C005
E0815,C004
E0816,C001
E0817,C002
E0818,C001
E0819,C004
E0821,C002
E0823,C002
E0823,C001
E0824,C004
E0824,C005
E0825,C001
E0826,C003
E0827,C002
E0828,C001
E0828,C005
E0829,C002
E0829,C005
E0831,C004
E0832,C004
E0833,C005
E0834,C002
E0835,C002
E0835,C001
E0837,C002
E0837,C003
E0838,C002
E0839,C002
E0840,C005
E0842,C004
E0842,C002
E0843,C003
E0843,C005
E0844,C002
E0844,C003
E0846,C003
E0847,C003
E0847,C002
E0848,C004
E0850,C003
E0850,C001
E0851,C005
E0851,C001
E0853,C003
E0853,C001
E0855,C001
E0855,C002
E0856,C002
E0856,C005
E0857,C003
E0859,C001
E0860,C003
E0860,C001
E0861,C002
E0861,C001
E0863,C002
E0863,C005
E0865,C002
E0865,C005
E0866,C002
E0868,C002
E0868,C005
E0869,C004
E0869,C001
E0871,C004
E0872,C001
E0872,C002
E0873,C004
E0876,C001
E0877,C003
E0877,C001
E0878,C005
E0879,C001
E0880,C003
E0880,C002
E0881,C004
E0882,C005
E0882,C001
E0883,C002
E0883,C003
E0885,C005
E0886,C004
E0888,C001
E0890,C001
E0891,C004
E0892,C003
E0893,C004
E0893,C003
E0895,C002
E0895,C005
E0896,C005
E0896,C004
E0897,C002
E0898,C002
E0898,C003
E0899,C001
E0899,C003
E0900,C003
E0900,C005
E0901,C004
E0901,C005
E0902,C001
E0903,C005
E0903,C004
E0904,C005
E0906,C003
E0906,C005
E0908,C003
E0909,C001
E0911,C004
E0913,C003
E0913,C005
E0914,C003
E0916,C001
E0916,C005
E0918,C001
E0919,C003
E0919,C002
E0920,C002
E0923,C003
E0923,C004
E0924,C003
E0926,C002
E0927,C002
E0928,C001
E0929,C001
E0930,C005
E0930,C003
E0931,C004
E0931,C003
E0932,C004
E0934,C003
E0934,C004
E0935,C003
E0935,C001
E0936,C004
E0937,C003
E0937,C002
E0938,C005
E0938,C002
E0939,C001
E0940,C002
E0942,C005
E0942,C004
E0943,C004
E0944,C004
E0946,C001
E0946,C005
E0947,C004
E0948,C003
E0950,C004
E0950,C003
E0953,C003
E0953,C001
E0954,C002
E0955,C004
E0955,C005
E0956,C002
E0956,C003
E0957,C005
E0958,C004
E0959,C002
E0961,C001
E0962,C003
E0964,C003
E0964,C001
E0965,C002
E0966,C002
E0967,C005
E0967,C001
E0968,C001
E0968,C005
E0969,C004
E0969,C005
E0970,C001
E0970,C005
E0973,C002
E0976,C001
E0976,C005
E0980,C004
E0981,C003
E0981,C002
E0983,C004
E0983,C005
E0984,C003
E0984,C002
E0985,C004
E0986,C004
E0986,C002
E0988,C001
E0989,C004
E0991,C005
E0994,C001
E0996,C005
E0996,C004
E0997,C002
E0997,C003
E0998,C005
E0998,C001
